{"stats":{"minecraft:picked_up":{"minecraft:potato":18,"minecraft:carrot":23,"mmorpg:rare_mats/farming/greater":2},"minecraft:dropped":{"minecraft:potato":5,"mmorpg:rare_mats/farming/greater":1},"minecraft:custom":{"minecraft:time_since_rest":3722,"minecraft:blood":0,"minecraft:magic_shield":0,"minecraft:play_time":3722,"lootr:looted_stat":15,"minecraft:sprint_one_cm":14227,"minecraft:damage_taken":10,"minecraft:walk_one_cm":4133,"minecraft:drop":2,"minecraft:dexterity":0,"minecraft:jump":87,"minecraft:intelligence":0,"minecraft:energy":50,"minecraft:walk_on_water_one_cm":120,"minecraft:health":100,"minecraft:time_since_death":3722,"minecraft:move_speed":0,"minecraft:strength":0,"minecraft:total_world_time":3722,"minecraft:mana":50,"minecraft:fall_one_cm":2266,"minecraft:fly_one_cm":14712},"minecraft:mined":{"minecraft:potatoes":3,"minecraft:carrots":8},"minecraft:used":{"minecraft:water_bucket":2,"minecraft:bread":1,"minecraft:carrot":9,"minecraft:bucket":2,"minecraft:potato":4}},"DataVersion":3465}