{"stats":{"minecraft:killed":{"minecraft:zombie":1,"alexsmobs:fly":2,"minecraft:skeleton":1},"minecraft:picked_up":{"minecraft:stick":1,"chococraft:loverly_gysahl_green":2,"minecraft:potato":18,"farmersdelight:tomato_seeds":2,"chococraft:gysahl_green_seeds":25,"minecraft:jungle_button":1,"minecraft:carrot":23,"lightmanscurrency:coin_copper":5,"minecraft:bone":2,"minecraft:arrow":2,"bountiful:bounty":1,"chococraft:gysahl_green":72,"minecraft:decorated_pot":4,"alexsmobs:maggot":1,"minecraft:melon_slice":41,"lightmanscurrency:coin_iron":5,"mmorpg:rare_mats/farming/greater":2},"minecraft:dropped":{"farmersdelight:tomato_seeds":2,"minecraft:potato":5,"alexsmobs:maggot":1,"bountiful:bounty":1,"mmorpg:rare_mats/farming/greater":1},"minecraft:custom":{"minecraft:damage_absorbed":10,"minecraft:time_since_rest":7320,"minecraft:blood":0,"minecraft:magic_shield":0,"minecraft:walk_one_cm":18365,"lootr:looted_stat":36,"minecraft:sprint_one_cm":67897,"minecraft:damage_taken":200,"minecraft:mob_kills":4,"minecraft:drop":5,"minecraft:dexterity":0,"minecraft:intelligence":0,"minecraft:damage_dealt":250,"minecraft:health":116,"minecraft:move_speed":0,"minecraft:play_noteblock":5,"minecraft:swim_one_cm":603,"minecraft:talked_to_villager":3,"minecraft:tune_noteblock":10,"minecraft:fly_one_cm":79409,"minecraft:play_time":15722,"minecraft:walk_under_water_one_cm":3217,"minecraft:jump":406,"minecraft:energy":60,"minecraft:sleep_in_bed":1,"minecraft:time_since_death":15722,"minecraft:walk_on_water_one_cm":950,"minecraft:strength":0,"minecraft:total_world_time":15722,"minecraft:climb_one_cm":2588,"minecraft:levels_gained":2,"minecraft:fall_one_cm":14654,"minecraft:mana":60},"minecraft:crafted":{"minecraft:gold_ingot":9},"minecraft:mined":{"minecraft:carrots":8,"chococraft:gysahl_green":26,"minecraft:potatoes":3,"minecraft:melon":8,"minecraft:decorated_pot":4,"minecraft:dead_bush":2,"farmersdelight:wild_tomatoes":2},"minecraft:used":{"minecraft:wooden_axe":11,"minecraft:water_bucket":8,"chococraft:gysahl_green_seeds":21,"minecraft:bread":3,"minecraft:decorated_pot":4,"minecraft:jungle_button":1,"minecraft:carrot":9,"minecraft:bucket":8,"chococraft:gysahl_green":4,"minecraft:potato":4}},"DataVersion":3465}