{"stats":{"minecraft:used":{"minecraft:crafting_table":1},"minecraft:mined":{"minecraft:acacia_log":2},"minecraft:custom":{"minecraft:jump":23,"minecraft:time_since_rest":817,"minecraft:leave_game":1,"minecraft:sprint_one_cm":2314,"minecraft:play_time":817,"minecraft:time_since_death":817,"minecraft:walk_one_cm":518,"minecraft:total_world_time":817,"minecraft:interact_with_crafting_table":1,"minecraft:fall_one_cm":687,"minecraft:fly_one_cm":5765},"minecraft:picked_up":{"minecraft:acacia_log":2},"minecraft:crafted":{"minecraft:crafting_table":1,"minecraft:stick":4,"minecraft:acacia_planks":8}},"DataVersion":3953}