{"stats":{"minecraft:broken":{"minecraft:stone_pickaxe":3},"minecraft:mined":{"minecraft:tuff":14,"minecraft:acacia_leaves":2,"minecraft:kelp_plant":6,"minecraft:crafting_table":3,"minecraft:short_grass":5,"minecraft:acacia_log":6,"minecraft:grass_block":2,"minecraft:cobblestone":3,"minecraft:kelp":5,"minecraft:diorite":24,"minecraft:seagrass":3,"minecraft:furnace":1,"minecraft:cobbled_deepslate":4,"minecraft:andesite":13,"minecraft:coal_ore":13,"minecraft:oak_log":16,"minecraft:gravel":2,"minecraft:dirt":1,"minecraft:acacia_planks":1,"minecraft:stone":219,"minecraft:deepslate":140},"minecraft:dropped":{"minecraft:rotten_flesh":2,"minecraft:wooden_sword":1,"minecraft:wooden_pickaxe":1},"minecraft:killed":{"minecraft:pig":1,"minecraft:spider":1,"minecraft:cod":7,"minecraft:zombie":1,"minecraft:chicken":1,"minecraft:drowned":1},"minecraft:custom":{"minecraft:interact_with_furnace":55,"minecraft:mob_kills":13,"minecraft:interact_with_crafting_table":10,"minecraft:leave_game":1,"minecraft:time_since_death":57687,"minecraft:time_since_rest":57687,"minecraft:sprint_one_cm":59592,"minecraft:damage_taken":453,"minecraft:walk_one_cm":89814,"minecraft:drop":3,"minecraft:damage_dealt":1307,"minecraft:swim_one_cm":52548,"minecraft:fly_one_cm":139346,"minecraft:crouch_one_cm":1362,"minecraft:play_time":57687,"minecraft:sneak_time":741,"minecraft:walk_under_water_one_cm":9155,"minecraft:boat_one_cm":23724,"minecraft:jump":1206,"minecraft:walk_on_water_one_cm":10392,"minecraft:total_world_time":57687,"minecraft:fall_one_cm":29213},"minecraft:crafted":{"minecraft:wooden_sword":1,"minecraft:cooked_cod":7,"minecraft:oak_planks":24,"minecraft:cooked_porkchop":2,"minecraft:crafting_table":2,"minecraft:dried_kelp":12,"minecraft:wooden_pickaxe":1,"minecraft:cooked_chicken":1,"minecraft:furnace":1,"minecraft:stone_axe":1,"minecraft:air":0,"minecraft:oak_boat":1,"minecraft:stick":20,"minecraft:stone_pickaxe":4,"minecraft:wooden_axe":1,"minecraft:stone_sword":1,"minecraft:acacia_planks":24,"minecraft:torch":16},"minecraft:used":{"minecraft:stone_sword":37,"minecraft:stone_pickaxe":425,"minecraft:dried_kelp":12,"minecraft:wooden_pickaxe":11,"minecraft:cooked_chicken":1,"minecraft:torch":16,"minecraft:crafting_table":5,"minecraft:acacia_sapling":1,"minecraft:wooden_axe":12,"minecraft:stone_axe":10,"minecraft:cobblestone":14,"minecraft:cooked_cod":4,"minecraft:furnace":2,"minecraft:cooked_porkchop":2,"minecraft:oak_boat":2,"minecraft:cobbled_deepslate":72,"minecraft:acacia_planks":3},"minecraft:picked_up":{"minecraft:crafting_table":3,"minecraft:chicken":1,"minecraft:andesite":13,"minecraft:tuff":14,"minecraft:oak_log":16,"minecraft:dirt":3,"minecraft:string":1,"minecraft:acacia_planks":1,"minecraft:kelp":18,"minecraft:cobbled_deepslate":144,"minecraft:oak_boat":1,"minecraft:acacia_sapling":1,"minecraft:furnace":1,"minecraft:stick":3,"minecraft:acacia_log":6,"minecraft:gravel":2,"minecraft:porkchop":2,"minecraft:diorite":24,"minecraft:spider_eye":1,"minecraft:rotten_flesh":3,"minecraft:oak_sapling":6,"minecraft:coal":21,"minecraft:cod":7,"minecraft:cobblestone":220}},"DataVersion":3953}