{"stats":{"minecraft:picked_up":{"minecraft:wooden_axe":1,"minecraft:cocoa_beans":11,"minecraft:stone_slab":3,"minecraft:brown_mushroom":1,"minecraft:lead":6,"minecraft:wooden_pickaxe":1,"minecraft:potion":1,"minecraft:shield":1,"minecraft:oak_trapdoor":4,"minecraft:red_bed":5,"minecraft:iron_axe":1,"minecraft:bucket":2,"minecraft:cobblestone_slab":155,"minecraft:jungle_sapling":80,"minecraft:netherite_upgrade_smithing_template":1,"minecraft:iron_pickaxe":1,"minecraft:sugar_cane":2,"minecraft:egg":3,"minecraft:stick":123,"minecraft:oak_fence":3,"minecraft:torch":1,"minecraft:carrot":13,"minecraft:dark_oak_planks":4,"minecraft:brown_carpet":2,"minecraft:light_gray_bed":14,"minecraft:stone_sword":1,"minecraft:beetroot_seeds":6,"minecraft:glow_berries":13,"minecraft:cobblestone":124,"minecraft:water_bucket":1,"minecraft:jungle_log":867,"minecraft:leather":1,"minecraft:potato":15,"minecraft:flint":4,"minecraft:oak_log":13,"minecraft:cobblestone_wall":1,"minecraft:dirt":154,"minecraft:lantern":2,"minecraft:red_carpet":2,"minecraft:wheat_seeds":11,"minecraft:stone_pickaxe":5,"minecraft:fletching_table":1,"minecraft:moss_block":5,"minecraft:oak_planks":7,"minecraft:sweet_berries":4,"minecraft:dandelion":2,"minecraft:gravel":74,"minecraft:jungle_planks":1,"minecraft:spruce_log":1,"minecraft:crying_obsidian":2,"minecraft:barrel":2,"minecraft:leather_helmet":1,"minecraft:pumpkin_seeds":2,"minecraft:stone_axe":3,"minecraft:writable_book":2,"minecraft:emerald":16,"minecraft:baked_potato":4,"minecraft:oak_sapling":2,"minecraft:melon_seeds":2,"minecraft:dark_oak_fence":1},"minecraft:used":{"minecraft:oak_trapdoor":12,"minecraft:oak_fence":1,"minecraft:moss_block":1,"minecraft:writable_book":1,"minecraft:stone_sword":4,"minecraft:stone_shovel":159,"minecraft:chest":3,"minecraft:stone_hoe":82,"minecraft:torch":1,"minecraft:dirt":121,"minecraft:cocoa_beans":8,"minecraft:hopper":2,"minecraft:jungle_planks":1,"minecraft:cobblestone_wall":1,"minecraft:carrot":5,"minecraft:cod_bucket":1,"minecraft:jungle_sapling":54,"minecraft:dark_oak_planks":2,"minecraft:wooden_axe":7,"minecraft:lava_bucket":3,"minecraft:iron_axe":792,"minecraft:jungle_log":23,"minecraft:barrel":2,"minecraft:red_carpet":1,"minecraft:oak_sapling":2,"minecraft:egg":2,"minecraft:potato":7,"minecraft:light_gray_bed":14,"minecraft:water_bucket":5,"minecraft:stone_pickaxe":580,"minecraft:baked_potato":4,"minecraft:oak_planks":3,"minecraft:wooden_pickaxe":3,"minecraft:brown_mushroom":1,"minecraft:fletching_table":3,"minecraft:cobblestone_slab":905,"minecraft:glow_berries":13,"minecraft:crafting_table":1,"minecraft:red_bed":5,"minecraft:iron_pickaxe":126,"minecraft:stone_slab":2,"minecraft:gravel":74,"minecraft:stone_axe":141,"minecraft:cobblestone":39,"minecraft:dark_oak_fence":1,"minecraft:bucket":7},"minecraft:custom":{"minecraft:mob_kills":2,"minecraft:inspect_hopper":2,"minecraft:interact_with_crafting_table":68,"minecraft:open_barrel":15,"minecraft:interact_with_campfire":4,"minecraft:bell_ring":6,"minecraft:damage_dealt_resisted":153,"minecraft:leave_game":2,"minecraft:time_since_death":36890,"minecraft:climb_one_cm":12343,"minecraft:sprint_one_cm":440563,"minecraft:walk_one_cm":371776,"minecraft:drop":30,"minecraft:talked_to_villager":52,"minecraft:play_time":228970,"minecraft:deaths":17,"minecraft:sneak_time":43764,"minecraft:walk_under_water_one_cm":13099,"minecraft:jump":2648,"minecraft:walk_on_water_one_cm":8299,"minecraft:total_world_time":228970,"minecraft:interact_with_furnace":2,"minecraft:traded_with_villager":181,"minecraft:sleep_in_bed":8,"minecraft:time_since_rest":23409,"minecraft:damage_taken":4720,"minecraft:damage_dealt":1038,"minecraft:swim_one_cm":2628,"minecraft:fly_one_cm":646542,"minecraft:open_chest":203,"minecraft:crouch_one_cm":160090,"minecraft:fall_one_cm":31647},"minecraft:crafted":{"minecraft:oak_planks":56,"minecraft:cobblestone_slab":780,"minecraft:stone_shovel":2,"minecraft:oak_trapdoor":8,"minecraft:hopper":2,"minecraft:iron_axe":4,"minecraft:stone_pickaxe":5,"minecraft:cobblestone_wall":42,"minecraft:chest":5,"minecraft:oak_button":1,"minecraft:stone_hoe":2,"minecraft:jungle_wood":81,"minecraft:emerald":181,"minecraft:crafting_table":1,"minecraft:fletching_table":2,"minecraft:stone_axe":3,"minecraft:air":0,"minecraft:jungle_planks":3068,"minecraft:stick":6096,"minecraft:iron_pickaxe":1},"minecraft:mined":{"minecraft:dark_oak_planks":3,"minecraft:oak_sapling":1,"minecraft:jungle_leaves":42,"minecraft:dark_oak_fence":1,"minecraft:grass_block":15,"minecraft:jungle_planks":1,"minecraft:jungle_log":830,"minecraft:light_gray_bed":15,"minecraft:moss_block":6,"minecraft:oak_trapdoor":4,"minecraft:carrots":1,"minecraft:jungle_sapling":9,"minecraft:barrel":2,"minecraft:fletching_table":1,"minecraft:potatoes":2,"minecraft:cave_vines":1,"minecraft:cobblestone_slab":37,"minecraft:vine":59,"minecraft:stone":525,"minecraft:acacia_leaves":2,"minecraft:brown_mushroom":1,"minecraft:red_bed":7,"minecraft:oak_fence":3,"minecraft:torch":1,"minecraft:short_grass":1,"minecraft:stone_slab":2,"minecraft:tall_grass":6,"minecraft:cobblestone":135,"minecraft:oak_planks":3,"minecraft:wall_torch":1,"minecraft:blue_terracotta":1,"minecraft:cobblestone_wall":1,"minecraft:spruce_log":1,"minecraft:oak_log":8,"minecraft:mycelium":3,"minecraft:cocoa":2,"minecraft:gravel":78,"minecraft:dirt":131,"minecraft:oak_leaves":1,"minecraft:fern":2},"minecraft:dropped":{"minecraft:wheat_seeds":1,"minecraft:oak_log":5,"minecraft:oak_fence":2,"minecraft:cobblestone":7,"minecraft:leather_helmet":1,"minecraft:stick":7,"minecraft:emerald":10,"minecraft:dirt":1,"minecraft:jungle_sapling":2,"minecraft:iron_axe":1,"minecraft:iron_pickaxe":1,"minecraft:bucket":1,"minecraft:dandelion":1,"minecraft:stone_axe":2,"minecraft:stone_sword":1,"minecraft:cobblestone_slab":139,"minecraft:jungle_log":45,"minecraft:stone_pickaxe":3,"minecraft:egg":1},"minecraft:broken":{"minecraft:stone_pickaxe":4,"minecraft:iron_axe":2},"minecraft:killed":{"minecraft:vindicator":1,"minecraft:trader_llama":1},"minecraft:killed_by":{"minecraft:polar_bear":1,"minecraft:pillager":1,"minecraft:skeleton":1,"minecraft:zombie":1,"minecraft:vex":1}},"DataVersion":3953}