{"stats":{"minecraft:custom":{"minecraft:interact_with_furnace":1,"minecraft:mob_kills":2,"minecraft:inspect_hopper":1,"minecraft:traded_with_villager":4,"minecraft:interact_with_crafting_table":34,"minecraft:damage_dealt_resisted":153,"minecraft:time_since_death":1645,"minecraft:sleep_in_bed":3,"minecraft:climb_one_cm":4177,"minecraft:time_since_rest":1674,"minecraft:sprint_one_cm":149995,"minecraft:damage_taken":1655,"minecraft:walk_one_cm":117283,"minecraft:drop":15,"minecraft:damage_dealt":1018,"minecraft:talked_to_villager":6,"minecraft:fly_one_cm":185051,"minecraft:open_chest":91,"minecraft:crouch_one_cm":74167,"minecraft:play_time":98273,"minecraft:deaths":7,"minecraft:sneak_time":20544,"minecraft:walk_under_water_one_cm":55,"minecraft:jump":839,"minecraft:walk_on_water_one_cm":3180,"minecraft:total_world_time":98273,"minecraft:fall_one_cm":6770},"minecraft:killed_by":{"minecraft:zombie":1,"minecraft:pillager":1,"minecraft:vex":1},"minecraft:broken":{"minecraft:stone_pickaxe":4},"minecraft:used":{"minecraft:oak_trapdoor":12,"minecraft:water_bucket":1,"minecraft:stone_sword":4,"minecraft:stone_pickaxe":534,"minecraft:oak_planks":3,"minecraft:chest":3,"minecraft:wooden_pickaxe":3,"minecraft:brown_mushroom":1,"minecraft:cobblestone_slab":535,"minecraft:dirt":19,"minecraft:crafting_table":1,"minecraft:hopper":2,"minecraft:cobblestone_wall":1,"minecraft:jungle_sapling":13,"minecraft:dark_oak_planks":2,"minecraft:wooden_axe":7,"minecraft:lava_bucket":3,"minecraft:stone_slab":2,"minecraft:stone_axe":141,"minecraft:red_carpet":1,"minecraft:cobblestone":30,"minecraft:oak_sapling":2,"minecraft:bucket":4},"minecraft:killed":{"minecraft:vindicator":1,"minecraft:trader_llama":1},"minecraft:mined":{"minecraft:acacia_leaves":2,"minecraft:brown_mushroom":1,"minecraft:oak_sapling":1,"minecraft:jungle_leaves":8,"minecraft:short_grass":1,"minecraft:grass_block":9,"minecraft:jungle_log":109,"minecraft:stone_slab":2,"minecraft:cobblestone":127,"minecraft:tall_grass":6,"minecraft:oak_planks":3,"minecraft:wall_torch":1,"minecraft:oak_trapdoor":4,"minecraft:cobblestone_wall":1,"minecraft:jungle_sapling":9,"minecraft:vine":5,"minecraft:oak_log":8,"minecraft:mycelium":3,"minecraft:cobblestone_slab":30,"minecraft:dirt":4,"minecraft:stone":370,"minecraft:oak_leaves":1,"minecraft:dark_oak_planks":3},"minecraft:dropped":{"minecraft:wheat_seeds":1,"minecraft:stone_axe":2,"minecraft:oak_log":5,"minecraft:stone_sword":1,"minecraft:stick":1,"minecraft:dirt":1,"minecraft:cobblestone_slab":137,"minecraft:jungle_log":45,"minecraft:jungle_sapling":2,"minecraft:stone_pickaxe":2,"minecraft:dandelion":1},"minecraft:picked_up":{"minecraft:wooden_axe":1,"minecraft:jungle_log":154,"minecraft:water_bucket":1,"minecraft:lead":6,"minecraft:brown_mushroom":1,"minecraft:leather":1,"minecraft:stone_slab":3,"minecraft:wooden_pickaxe":1,"minecraft:oak_log":13,"minecraft:cobblestone_wall":1,"minecraft:oak_trapdoor":4,"minecraft:dirt":21,"minecraft:red_carpet":2,"minecraft:wheat_seeds":1,"minecraft:bucket":1,"minecraft:stone_pickaxe":4,"minecraft:cobblestone_slab":149,"minecraft:jungle_sapling":25,"minecraft:oak_planks":7,"minecraft:stick":4,"minecraft:dandelion":2,"minecraft:dark_oak_planks":4,"minecraft:stone_sword":1,"minecraft:stone_axe":3,"minecraft:oak_sapling":2,"minecraft:cobblestone":102},"minecraft:crafted":{"minecraft:oak_planks":56,"minecraft:cobblestone_slab":408,"minecraft:emerald":4,"minecraft:crafting_table":1,"minecraft:stone_axe":3,"minecraft:air":0,"minecraft:jungle_planks":436,"minecraft:oak_trapdoor":8,"minecraft:hopper":2,"minecraft:stick":536,"minecraft:stone_pickaxe":5,"minecraft:cobblestone_wall":42,"minecraft:chest":5,"minecraft:oak_button":1}},"DataVersion":3953}