{"stats":{"minecraft:custom":{"minecraft:mob_kills":2,"minecraft:inspect_hopper":2,"minecraft:interact_with_crafting_table":48,"minecraft:open_barrel":4,"minecraft:bell_ring":6,"minecraft:damage_dealt_resisted":153,"minecraft:leave_game":2,"minecraft:time_since_death":23659,"minecraft:climb_one_cm":9367,"minecraft:sprint_one_cm":321816,"minecraft:walk_one_cm":232156,"minecraft:drop":28,"minecraft:talked_to_villager":25,"minecraft:play_time":163296,"minecraft:deaths":13,"minecraft:sneak_time":32938,"minecraft:walk_under_water_one_cm":6353,"minecraft:jump":1949,"minecraft:walk_on_water_one_cm":6047,"minecraft:total_world_time":163296,"minecraft:interact_with_furnace":1,"minecraft:traded_with_villager":45,"minecraft:sleep_in_bed":5,"minecraft:time_since_rest":6867,"minecraft:damage_taken":2990,"minecraft:damage_dealt":1028,"minecraft:swim_one_cm":2628,"minecraft:fly_one_cm":477755,"minecraft:open_chest":135,"minecraft:crouch_one_cm":131135,"minecraft:fall_one_cm":18032},"minecraft:broken":{"minecraft:stone_pickaxe":4},"minecraft:killed_by":{"minecraft:polar_bear":1,"minecraft:pillager":1,"minecraft:skeleton":1,"minecraft:zombie":1,"minecraft:vex":1},"minecraft:used":{"minecraft:moss_block":1,"minecraft:oak_fence":1,"minecraft:oak_trapdoor":12,"minecraft:writable_book":1,"minecraft:stone_sword":4,"minecraft:stone_shovel":32,"minecraft:chest":3,"minecraft:torch":1,"minecraft:dirt":19,"minecraft:hopper":2,"minecraft:jungle_planks":1,"minecraft:cobblestone_wall":1,"minecraft:jungle_sapling":18,"minecraft:wooden_axe":7,"minecraft:dark_oak_planks":2,"minecraft:lava_bucket":3,"minecraft:iron_axe":132,"minecraft:jungle_log":19,"minecraft:barrel":2,"minecraft:red_carpet":1,"minecraft:oak_sapling":2,"minecraft:egg":2,"minecraft:light_gray_bed":14,"minecraft:water_bucket":4,"minecraft:stone_pickaxe":580,"minecraft:oak_planks":3,"minecraft:wooden_pickaxe":3,"minecraft:brown_mushroom":1,"minecraft:fletching_table":3,"minecraft:cobblestone_slab":905,"minecraft:glow_berries":13,"minecraft:crafting_table":1,"minecraft:red_bed":5,"minecraft:iron_pickaxe":122,"minecraft:stone_slab":2,"minecraft:gravel":74,"minecraft:stone_axe":141,"minecraft:cobblestone":31,"minecraft:dark_oak_fence":1,"minecraft:bucket":6},"minecraft:killed":{"minecraft:vindicator":1,"minecraft:trader_llama":1},"minecraft:mined":{"minecraft:dark_oak_planks":3,"minecraft:oak_sapling":1,"minecraft:jungle_leaves":22,"minecraft:dark_oak_fence":1,"minecraft:grass_block":9,"minecraft:jungle_planks":1,"minecraft:jungle_log":233,"minecraft:light_gray_bed":15,"minecraft:moss_block":6,"minecraft:oak_trapdoor":4,"minecraft:jungle_sapling":9,"minecraft:barrel":2,"minecraft:fletching_table":1,"minecraft:vine":15,"minecraft:cave_vines":1,"minecraft:cobblestone_slab":33,"minecraft:stone":525,"minecraft:acacia_leaves":2,"minecraft:brown_mushroom":1,"minecraft:red_bed":7,"minecraft:oak_fence":3,"minecraft:torch":1,"minecraft:short_grass":1,"minecraft:stone_slab":2,"minecraft:cobblestone":135,"minecraft:tall_grass":6,"minecraft:oak_planks":3,"minecraft:wall_torch":1,"minecraft:blue_terracotta":1,"minecraft:cobblestone_wall":1,"minecraft:oak_log":8,"minecraft:mycelium":3,"minecraft:gravel":78,"minecraft:dirt":6,"minecraft:oak_leaves":1},"minecraft:dropped":{"minecraft:wheat_seeds":1,"minecraft:oak_log":5,"minecraft:oak_fence":2,"minecraft:cobblestone":7,"minecraft:leather_helmet":1,"minecraft:stick":7,"minecraft:dirt":1,"minecraft:jungle_sapling":2,"minecraft:iron_pickaxe":1,"minecraft:bucket":1,"minecraft:dandelion":1,"minecraft:stone_axe":2,"minecraft:stone_sword":1,"minecraft:cobblestone_slab":139,"minecraft:jungle_log":45,"minecraft:stone_pickaxe":3,"minecraft:egg":1},"minecraft:picked_up":{"minecraft:wooden_axe":1,"minecraft:cocoa_beans":4,"minecraft:lead":6,"minecraft:brown_mushroom":1,"minecraft:stone_slab":3,"minecraft:wooden_pickaxe":1,"minecraft:shield":1,"minecraft:oak_trapdoor":4,"minecraft:red_bed":5,"minecraft:bucket":2,"minecraft:cobblestone_slab":154,"minecraft:jungle_sapling":41,"minecraft:netherite_upgrade_smithing_template":1,"minecraft:iron_pickaxe":1,"minecraft:sugar_cane":2,"minecraft:egg":3,"minecraft:stick":74,"minecraft:oak_fence":3,"minecraft:torch":1,"minecraft:carrot":10,"minecraft:dark_oak_planks":4,"minecraft:brown_carpet":2,"minecraft:light_gray_bed":14,"minecraft:stone_sword":1,"minecraft:beetroot_seeds":6,"minecraft:glow_berries":13,"minecraft:cobblestone":124,"minecraft:water_bucket":1,"minecraft:jungle_log":278,"minecraft:leather":1,"minecraft:potato":8,"minecraft:flint":4,"minecraft:oak_log":13,"minecraft:cobblestone_wall":1,"minecraft:dirt":23,"minecraft:lantern":2,"minecraft:red_carpet":2,"minecraft:wheat_seeds":11,"minecraft:stone_pickaxe":5,"minecraft:fletching_table":1,"minecraft:moss_block":5,"minecraft:oak_planks":7,"minecraft:sweet_berries":4,"minecraft:dandelion":2,"minecraft:gravel":74,"minecraft:jungle_planks":1,"minecraft:barrel":2,"minecraft:leather_helmet":1,"minecraft:pumpkin_seeds":2,"minecraft:stone_axe":3,"minecraft:writable_book":2,"minecraft:emerald":16,"minecraft:oak_sapling":2,"minecraft:melon_seeds":2,"minecraft:dark_oak_fence":1},"minecraft:crafted":{"minecraft:oak_planks":56,"minecraft:cobblestone_slab":780,"minecraft:stone_shovel":1,"minecraft:oak_trapdoor":8,"minecraft:hopper":2,"minecraft:stone_pickaxe":5,"minecraft:cobblestone_wall":42,"minecraft:chest":5,"minecraft:oak_button":1,"minecraft:emerald":45,"minecraft:crafting_table":1,"minecraft:fletching_table":2,"minecraft:stone_axe":3,"minecraft:air":0,"minecraft:jungle_planks":856,"minecraft:stick":1672,"minecraft:iron_pickaxe":1}},"DataVersion":3953}