{"stats":{"minecraft:custom":{"minecraft:time_since_rest":9576,"minecraft:damage_taken":440,"minecraft:interact_with_furnace":1,"minecraft:sprint_one_cm":64730,"minecraft:walk_one_cm":64559,"minecraft:mob_kills":1,"minecraft:drop":5,"minecraft:inspect_hopper":1,"minecraft:damage_dealt":348,"minecraft:interact_with_crafting_table":24,"minecraft:talked_to_villager":1,"minecraft:fly_one_cm":75616,"minecraft:open_chest":51,"minecraft:crouch_one_cm":27573,"minecraft:play_time":56273,"minecraft:deaths":2,"minecraft:sneak_time":9138,"minecraft:damage_dealt_resisted":153,"minecraft:jump":394,"minecraft:time_since_death":9539,"minecraft:walk_on_water_one_cm":2548,"minecraft:total_world_time":56273,"minecraft:climb_one_cm":1160,"minecraft:fall_one_cm":2714},"minecraft:broken":{"minecraft:stone_pickaxe":4},"minecraft:used":{"minecraft:lava_bucket":3,"minecraft:oak_trapdoor":12,"minecraft:wooden_axe":7,"minecraft:water_bucket":1,"minecraft:stone_pickaxe":517,"minecraft:wooden_pickaxe":3,"minecraft:chest":2,"minecraft:stone_slab":2,"minecraft:brown_mushroom":1,"minecraft:cobblestone_slab":130,"minecraft:stone_axe":2,"minecraft:dirt":4,"minecraft:cobblestone":29,"minecraft:hopper":2,"minecraft:oak_sapling":2,"minecraft:cobblestone_wall":1,"minecraft:bucket":4},"minecraft:killed":{"minecraft:trader_llama":1},"minecraft:mined":{"minecraft:oak_trapdoor":4,"minecraft:brown_mushroom":1,"minecraft:oak_sapling":1,"minecraft:grass_block":1,"minecraft:oak_log":7,"minecraft:mycelium":3,"minecraft:cobblestone_slab":13,"minecraft:stone_slab":2,"minecraft:tall_grass":1,"minecraft:cobblestone":127,"minecraft:stone":370,"minecraft:oak_leaves":1,"minecraft:cobblestone_wall":1},"minecraft:dropped":{"minecraft:cobblestone_slab":113,"minecraft:oak_log":5,"minecraft:stone_pickaxe":1,"minecraft:stone_axe":1},"minecraft:picked_up":{"minecraft:wooden_axe":1,"minecraft:stick":2,"minecraft:water_bucket":1,"minecraft:stone_slab":3,"minecraft:leather":1,"minecraft:brown_mushroom":1,"minecraft:lead":6,"minecraft:wooden_pickaxe":1,"minecraft:oak_log":12,"minecraft:cobblestone_wall":1,"minecraft:dirt":4,"minecraft:oak_trapdoor":4,"minecraft:bucket":1,"minecraft:stone_pickaxe":2,"minecraft:cobblestone_slab":80,"minecraft:oak_sapling":2,"minecraft:oak_planks":1,"minecraft:cobblestone":101},"minecraft:crafted":{"minecraft:hopper":2,"minecraft:oak_planks":52,"minecraft:cobblestone_slab":138,"minecraft:stick":24,"minecraft:stone_pickaxe":3,"minecraft:cobblestone_wall":42,"minecraft:chest":4,"minecraft:oak_button":1,"minecraft:stone_axe":2,"minecraft:oak_trapdoor":8}},"DataVersion":3953}