{"stats":{"minecraft:picked_up":{"minecraft:wooden_axe":1,"minecraft:cocoa_beans":11,"minecraft:wheat":2,"minecraft:stone_slab":3,"minecraft:brown_mushroom":1,"minecraft:lead":6,"minecraft:wooden_pickaxe":1,"minecraft:potion":1,"minecraft:shield":1,"minecraft:oak_trapdoor":4,"minecraft:red_bed":5,"minecraft:iron_axe":2,"minecraft:bucket":2,"minecraft:cobblestone_slab":155,"minecraft:jungle_sapling":80,"minecraft:netherite_upgrade_smithing_template":1,"minecraft:iron_pickaxe":2,"minecraft:lectern":2,"minecraft:melon_slice":3,"minecraft:sugar_cane":2,"minecraft:egg":3,"minecraft:stick":141,"minecraft:oak_fence":11,"minecraft:torch":2,"minecraft:bowl":1,"minecraft:carrot":21,"minecraft:dark_oak_planks":4,"minecraft:brown_carpet":2,"minecraft:stone_shovel":1,"minecraft:light_gray_bed":14,"minecraft:stone_sword":1,"minecraft:beetroot_seeds":6,"minecraft:glow_berries":13,"minecraft:white_wool":5,"minecraft:cobblestone":124,"minecraft:water_bucket":1,"minecraft:jungle_log":867,"minecraft:leather":1,"minecraft:jungle_fence":6,"minecraft:potato":40,"minecraft:flint":4,"minecraft:oak_log":14,"minecraft:cobblestone_wall":1,"minecraft:dirt":169,"minecraft:lantern":3,"minecraft:bone":15,"minecraft:red_carpet":2,"minecraft:wheat_seeds":17,"minecraft:stone_pickaxe":5,"minecraft:fletching_table":1,"minecraft:moss_block":5,"minecraft:stone_hoe":1,"minecraft:oak_planks":7,"minecraft:sweet_berries":4,"minecraft:dandelion":2,"minecraft:gravel":74,"minecraft:jungle_planks":1,"minecraft:white_bed":2,"minecraft:spruce_log":1,"minecraft:crying_obsidian":2,"minecraft:barrel":2,"minecraft:leather_helmet":1,"minecraft:pumpkin_seeds":2,"minecraft:stone_axe":3,"minecraft:writable_book":2,"minecraft:emerald":16,"minecraft:baked_potato":5,"minecraft:oak_sapling":2,"minecraft:melon_seeds":2,"minecraft:dark_oak_fence":1,"minecraft:charcoal":2},"minecraft:used":{"minecraft:oak_trapdoor":12,"minecraft:oak_fence":15,"minecraft:moss_block":1,"minecraft:writable_book":1,"minecraft:stone_sword":4,"minecraft:stone_shovel":159,"minecraft:chest":3,"minecraft:stone_hoe":83,"minecraft:torch":1,"minecraft:dirt":122,"minecraft:cocoa_beans":8,"minecraft:hopper":2,"minecraft:jungle_planks":1,"minecraft:cobblestone_wall":1,"minecraft:carrot":13,"minecraft:cod_bucket":1,"minecraft:jungle_sapling":54,"minecraft:dark_oak_planks":2,"minecraft:wooden_axe":7,"minecraft:lava_bucket":3,"minecraft:iron_axe":808,"minecraft:jungle_log":23,"minecraft:barrel":2,"minecraft:red_carpet":1,"minecraft:oak_sapling":2,"minecraft:egg":2,"minecraft:potato":30,"minecraft:light_gray_bed":14,"minecraft:wheat_seeds":1,"minecraft:water_bucket":5,"minecraft:jungle_fence":10,"minecraft:stone_pickaxe":580,"minecraft:baked_potato":5,"minecraft:oak_planks":5,"minecraft:wooden_pickaxe":3,"minecraft:brown_mushroom":1,"minecraft:fletching_table":3,"minecraft:cobblestone_slab":905,"minecraft:glow_berries":13,"minecraft:oak_slab":12,"minecraft:crafting_table":2,"minecraft:red_bed":5,"minecraft:white_bed":2,"minecraft:melon_slice":3,"minecraft:iron_pickaxe":127,"minecraft:lectern":2,"minecraft:stone_slab":2,"minecraft:gravel":74,"minecraft:stone_axe":141,"minecraft:cobblestone":39,"minecraft:dark_oak_fence":1,"minecraft:bucket":7,"minecraft:bone_meal":2},"minecraft:custom":{"minecraft:mob_kills":2,"minecraft:inspect_hopper":2,"minecraft:interact_with_crafting_table":74,"minecraft:open_barrel":15,"minecraft:interact_with_campfire":6,"minecraft:bell_ring":6,"minecraft:damage_dealt_resisted":153,"minecraft:leave_game":2,"minecraft:time_since_death":13317,"minecraft:climb_one_cm":13283,"minecraft:sprint_one_cm":505259,"minecraft:walk_one_cm":435118,"minecraft:drop":32,"minecraft:talked_to_villager":56,"minecraft:play_time":246970,"minecraft:deaths":18,"minecraft:sneak_time":44883,"minecraft:walk_under_water_one_cm":13099,"minecraft:jump":2945,"minecraft:walk_on_water_one_cm":8299,"minecraft:total_world_time":246970,"minecraft:interact_with_furnace":2,"minecraft:traded_with_villager":181,"minecraft:sleep_in_bed":10,"minecraft:time_since_rest":2723,"minecraft:damage_taken":4865,"minecraft:damage_dealt":1038,"minecraft:swim_one_cm":2628,"minecraft:fly_one_cm":750224,"minecraft:open_chest":214,"minecraft:crouch_one_cm":164951,"minecraft:fall_one_cm":33110,"minecraft:horse_one_cm":164},"minecraft:crafted":{"minecraft:oak_planks":56,"minecraft:cobblestone_slab":780,"minecraft:stone_shovel":2,"minecraft:bone_meal":3,"minecraft:oak_trapdoor":8,"minecraft:hopper":2,"minecraft:iron_axe":5,"minecraft:stone_pickaxe":5,"minecraft:cobblestone_wall":42,"minecraft:chest":5,"minecraft:oak_button":1,"minecraft:jungle_fence":6,"minecraft:stone_hoe":2,"minecraft:oak_fence":6,"minecraft:oak_slab":12,"minecraft:jungle_wood":81,"minecraft:emerald":181,"minecraft:crafting_table":2,"minecraft:fletching_table":2,"minecraft:stone_axe":3,"minecraft:air":0,"minecraft:jungle_planks":3096,"minecraft:stick":6096,"minecraft:iron_pickaxe":1,"minecraft:shears":1},"minecraft:mined":{"minecraft:dark_oak_planks":3,"minecraft:white_bed":2,"minecraft:oak_sapling":1,"minecraft:jungle_leaves":42,"minecraft:dark_oak_fence":1,"minecraft:grass_block":15,"minecraft:jungle_planks":1,"minecraft:jungle_log":830,"minecraft:light_gray_bed":15,"minecraft:moss_block":6,"minecraft:oak_trapdoor":4,"minecraft:carrots":3,"minecraft:jungle_sapling":9,"minecraft:barrel":2,"minecraft:fletching_table":1,"minecraft:potatoes":12,"minecraft:cave_vines":1,"minecraft:cobblestone_slab":37,"minecraft:vine":59,"minecraft:lantern":1,"minecraft:stone":525,"minecraft:acacia_leaves":2,"minecraft:brown_mushroom":1,"minecraft:red_bed":7,"minecraft:oak_fence":11,"minecraft:torch":1,"minecraft:short_grass":6,"minecraft:melon":1,"minecraft:campfire":1,"minecraft:lectern":2,"minecraft:stone_slab":2,"minecraft:tall_grass":11,"minecraft:cobblestone":135,"minecraft:oak_planks":3,"minecraft:wall_torch":1,"minecraft:blue_terracotta":1,"minecraft:cobblestone_wall":1,"minecraft:wheat":2,"minecraft:spruce_log":1,"minecraft:jungle_fence":6,"minecraft:oak_log":9,"minecraft:mycelium":3,"minecraft:cocoa":2,"minecraft:gravel":78,"minecraft:dirt":131,"minecraft:oak_leaves":1,"minecraft:fern":2},"minecraft:dropped":{"minecraft:wheat_seeds":1,"minecraft:oak_log":5,"minecraft:oak_fence":2,"minecraft:cobblestone":7,"minecraft:leather_helmet":1,"minecraft:stick":7,"minecraft:emerald":10,"minecraft:dirt":1,"minecraft:jungle_sapling":2,"minecraft:iron_axe":3,"minecraft:iron_pickaxe":1,"minecraft:bucket":1,"minecraft:dandelion":1,"minecraft:stone_axe":2,"minecraft:stone_sword":1,"minecraft:cobblestone_slab":139,"minecraft:jungle_log":45,"minecraft:stone_pickaxe":3,"minecraft:egg":1},"minecraft:broken":{"minecraft:stone_pickaxe":4,"minecraft:iron_axe":2},"minecraft:killed":{"minecraft:vindicator":1,"minecraft:trader_llama":1},"minecraft:killed_by":{"minecraft:polar_bear":1,"minecraft:pillager":1,"minecraft:skeleton":1,"minecraft:zombie":1,"minecraft:vex":2}},"DataVersion":3953}