{"stats":{"minecraft:dropped":{"minecraft:bread":5,"minecraft:iron_sword":2,"minecraft:oak_slab":5,"minecraft:iron_helmet":1,"minecraft:cobblestone":4,"minecraft:elder_guardian_spawn_egg":1,"minecraft:stick":6,"minecraft:lava_bucket":1,"minecraft:ice":1,"minecraft:bucket":2,"minecraft:bone":2,"minecraft:stone_axe":1,"minecraft:raw_iron":17,"minecraft:rotten_flesh":1,"minecraft:totem_of_undying":1,"minecraft:cobblestone_slab":36,"minecraft:arrow":1,"minecraft:stone_pickaxe":1},"minecraft:broken":{"minecraft:stone_pickaxe":3},"minecraft:custom":{"minecraft:mob_kills":6,"minecraft:inspect_hopper":1,"minecraft:interact_with_crafting_table":39,"minecraft:leave_game":2,"minecraft:time_since_death":150,"minecraft:climb_one_cm":9285,"minecraft:sprint_one_cm":314264,"minecraft:walk_one_cm":212401,"minecraft:drop":24,"minecraft:damage_dealt_absorbed":123,"minecraft:talked_to_villager":13,"minecraft:play_time":112006,"minecraft:deaths":21,"minecraft:sneak_time":28619,"minecraft:walk_under_water_one_cm":4867,"minecraft:jump":1752,"minecraft:interact_with_brewingstand":1,"minecraft:walk_on_water_one_cm":4629,"minecraft:total_world_time":112006,"minecraft:interact_with_furnace":3,"minecraft:sleep_in_bed":2,"minecraft:time_since_rest":183,"minecraft:damage_taken":5455,"minecraft:trigger_trapped_chest":3,"minecraft:damage_dealt":1583,"minecraft:fly_one_cm":436201,"minecraft:open_chest":76,"minecraft:crouch_one_cm":104498,"minecraft:fall_one_cm":16925},"minecraft:killed":{"minecraft:skeleton":1,"minecraft:bat":1,"minecraft:zombie":4},"minecraft:picked_up":{"minecraft:wooden_axe":1,"minecraft:charcoal":12,"minecraft:cocoa_beans":9,"minecraft:nether_wart":2,"minecraft:stone_slab":1,"minecraft:wooden_pickaxe":4,"minecraft:stone_brick_stairs":4,"minecraft:chain":9,"minecraft:dark_oak_trapdoor":10,"minecraft:item_frame":1,"minecraft:bucket":1,"minecraft:mossy_cobblestone_wall":2,"minecraft:cobblestone_slab":117,"minecraft:jungle_sapling":10,"minecraft:chest":2,"minecraft:dark_oak_sapling":3,"minecraft:stick":14,"minecraft:raw_iron":17,"minecraft:torch":5,"minecraft:carrot":1,"minecraft:dark_oak_planks":6,"minecraft:sniffer_egg":1,"minecraft:rotten_flesh":11,"minecraft:arrow":1,"minecraft:totem_of_undying":2,"minecraft:blaze_rod":1,"minecraft:cobblestone":213,"minecraft:water_bucket":2,"minecraft:jungle_log":1,"minecraft:filled_map":1,"minecraft:oak_log":11,"minecraft:cobblestone_stairs":2,"minecraft:dirt":20,"minecraft:lantern":2,"minecraft:bone":2,"minecraft:red_carpet":3,"minecraft:apple":1,"minecraft:stone_bricks":4,"minecraft:wheat_seeds":1,"minecraft:stone_pickaxe":3,"minecraft:iron_sword":3,"minecraft:stone_hoe":1,"minecraft:oak_planks":10,"minecraft:oak_slab":13,"minecraft:dark_oak_slab":14,"minecraft:sand":3,"minecraft:dark_oak_log":36,"minecraft:mossy_cobblestone":2,"minecraft:oak_wood":14,"minecraft:pumpkin_seeds":6,"minecraft:stone_axe":5,"minecraft:iron_helmet":1,"minecraft:bread":5,"minecraft:oak_sapling":4,"minecraft:melon_seeds":4,"minecraft:coal":12,"minecraft:hopper":2},"minecraft:killed_by":{"minecraft:player":1,"minecraft:creeper":1,"minecraft:iron_golem":1,"minecraft:skeleton":2,"minecraft:vex":7},"minecraft:used":{"minecraft:ladder":2,"minecraft:chest":6,"minecraft:iron_sword":5,"minecraft:rotten_flesh":2,"minecraft:torch":14,"minecraft:dirt":10,"minecraft:hopper":4,"minecraft:wooden_axe":27,"minecraft:lava_bucket":4,"minecraft:iron_axe":1,"minecraft:iron_helmet":1,"minecraft:dark_oak_slab":154,"minecraft:item_frame":1,"minecraft:oak_sapling":1,"minecraft:dark_oak_sapling":20,"minecraft:water_bucket":11,"minecraft:leather_leggings":1,"minecraft:stone_pickaxe":316,"minecraft:oak_planks":11,"minecraft:wooden_pickaxe":29,"minecraft:leather_chestplate":1,"minecraft:cobblestone_slab":390,"minecraft:leather_boots":1,"minecraft:dark_oak_trapdoor":18,"minecraft:sand":3,"minecraft:oak_slab":46,"minecraft:leather_helmet":1,"minecraft:stone_slab":1,"minecraft:stone_axe":96,"minecraft:wooden_sword":1,"minecraft:cobblestone":45,"minecraft:bucket":14,"minecraft:chain":3},"minecraft:crafted":{"minecraft:oak_planks":96,"minecraft:cobblestone_slab":450,"minecraft:dark_oak_trapdoor":12,"minecraft:hopper":2,"minecraft:ladder":3,"minecraft:stone_pickaxe":4,"minecraft:chest":6,"minecraft:dark_oak_planks":144,"minecraft:oak_slab":42,"minecraft:wooden_pickaxe":2,"minecraft:stone_axe":1,"minecraft:dark_oak_slab":156,"minecraft:stick":36,"minecraft:wooden_axe":1,"minecraft:torch":16},"minecraft:mined":{"minecraft:dark_oak_planks":6,"minecraft:red_carpet":1,"minecraft:oak_sapling":1,"minecraft:mossy_cobblestone":1,"minecraft:dark_oak_leaves":1,"minecraft:cobblestone_stairs":1,"minecraft:dark_oak_log":39,"minecraft:grass_block":4,"minecraft:hopper":2,"minecraft:jungle_sapling":8,"minecraft:dark_oak_trapdoor":8,"minecraft:fire":2,"minecraft:cobblestone_slab":6,"minecraft:vine":13,"minecraft:stone":114,"minecraft:oak_slab":4,"minecraft:acacia_leaves":4,"minecraft:short_grass":7,"minecraft:oak_wood":15,"minecraft:mossy_cobblestone_wall":1,"minecraft:chest":2,"minecraft:stone_slab":1,"minecraft:tall_grass":13,"minecraft:cobblestone":195,"minecraft:oak_planks":11,"minecraft:chain":10,"minecraft:dark_oak_slab":11,"minecraft:bee_nest":1,"minecraft:stone_brick_stairs":2,"minecraft:oak_log":11,"minecraft:coal_ore":6,"minecraft:sand":3,"minecraft:dirt":16,"minecraft:stone_bricks":2,"minecraft:oak_leaves":18}},"DataVersion":3953}