{"stats":{"minecraft:custom":{"minecraft:interact_with_furnace":1,"minecraft:mob_kills":2,"minecraft:inspect_hopper":1,"minecraft:interact_with_crafting_table":30,"minecraft:damage_dealt_resisted":153,"minecraft:time_since_death":8057,"minecraft:climb_one_cm":1885,"minecraft:time_since_rest":8087,"minecraft:sprint_one_cm":96948,"minecraft:damage_taken":955,"minecraft:walk_one_cm":79764,"minecraft:drop":5,"minecraft:damage_dealt":823,"minecraft:talked_to_villager":2,"minecraft:fly_one_cm":124586,"minecraft:open_chest":79,"minecraft:crouch_one_cm":43568,"minecraft:play_time":74273,"minecraft:deaths":4,"minecraft:sneak_time":12479,"minecraft:walk_under_water_one_cm":55,"minecraft:jump":570,"minecraft:walk_on_water_one_cm":3180,"minecraft:total_world_time":74273,"minecraft:fall_one_cm":4177},"minecraft:killed_by":{"minecraft:vex":1},"minecraft:broken":{"minecraft:stone_pickaxe":4},"minecraft:used":{"minecraft:oak_trapdoor":12,"minecraft:water_bucket":1,"minecraft:stone_sword":1,"minecraft:stone_pickaxe":520,"minecraft:oak_planks":3,"minecraft:chest":2,"minecraft:wooden_pickaxe":3,"minecraft:brown_mushroom":1,"minecraft:cobblestone_slab":249,"minecraft:dirt":15,"minecraft:hopper":2,"minecraft:cobblestone_wall":1,"minecraft:jungle_sapling":8,"minecraft:dark_oak_planks":2,"minecraft:wooden_axe":7,"minecraft:lava_bucket":3,"minecraft:stone_slab":2,"minecraft:stone_axe":22,"minecraft:red_carpet":1,"minecraft:cobblestone":30,"minecraft:oak_sapling":2,"minecraft:bucket":4},"minecraft:killed":{"minecraft:vindicator":1,"minecraft:trader_llama":1},"minecraft:mined":{"minecraft:acacia_leaves":2,"minecraft:brown_mushroom":1,"minecraft:oak_sapling":1,"minecraft:grass_block":9,"minecraft:stone_slab":2,"minecraft:cobblestone":127,"minecraft:tall_grass":2,"minecraft:oak_planks":3,"minecraft:wall_torch":1,"minecraft:oak_trapdoor":4,"minecraft:cobblestone_wall":1,"minecraft:jungle_sapling":8,"minecraft:oak_log":8,"minecraft:mycelium":3,"minecraft:cobblestone_slab":16,"minecraft:dirt":4,"minecraft:stone":370,"minecraft:oak_leaves":1,"minecraft:dark_oak_planks":3},"minecraft:dropped":{"minecraft:stone_axe":1,"minecraft:oak_log":5,"minecraft:cobblestone_slab":113,"minecraft:stone_pickaxe":1},"minecraft:picked_up":{"minecraft:wooden_axe":1,"minecraft:water_bucket":1,"minecraft:lead":6,"minecraft:brown_mushroom":1,"minecraft:leather":1,"minecraft:stone_slab":3,"minecraft:wooden_pickaxe":1,"minecraft:oak_log":13,"minecraft:cobblestone_wall":1,"minecraft:oak_trapdoor":4,"minecraft:dirt":16,"minecraft:red_carpet":2,"minecraft:bucket":1,"minecraft:stone_pickaxe":3,"minecraft:cobblestone_slab":114,"minecraft:jungle_sapling":16,"minecraft:oak_planks":7,"minecraft:stick":2,"minecraft:dandelion":1,"minecraft:dark_oak_planks":4,"minecraft:stone_axe":2,"minecraft:oak_sapling":2,"minecraft:cobblestone":102},"minecraft:crafted":{"minecraft:oak_planks":56,"minecraft:cobblestone_slab":294,"minecraft:stone_axe":3,"minecraft:oak_trapdoor":8,"minecraft:hopper":2,"minecraft:stick":24,"minecraft:stone_pickaxe":5,"minecraft:cobblestone_wall":42,"minecraft:chest":4,"minecraft:oak_button":1}},"DataVersion":3953}