{"stats":{"minecraft:picked_up":{"minecraft:wooden_axe":1,"minecraft:cocoa_beans":27,"minecraft:wheat":21,"minecraft:smithing_table":6,"minecraft:stone_slab":3,"minecraft:brown_mushroom":1,"minecraft:lead":6,"minecraft:wooden_pickaxe":1,"minecraft:potion":1,"minecraft:shield":1,"minecraft:oak_trapdoor":4,"minecraft:red_bed":6,"minecraft:iron_axe":3,"minecraft:white_carpet":1,"minecraft:bucket":2,"minecraft:cobblestone_slab":155,"minecraft:jungle_sapling":103,"minecraft:netherite_upgrade_smithing_template":1,"minecraft:iron_pickaxe":2,"minecraft:lectern":2,"minecraft:melon_slice":3,"minecraft:sugar_cane":4,"minecraft:egg":3,"minecraft:stick":165,"minecraft:oak_door":1,"minecraft:oak_fence":20,"minecraft:torch":2,"minecraft:bowl":1,"minecraft:carrot":85,"minecraft:dark_oak_planks":4,"minecraft:brown_carpet":4,"minecraft:orange_bed":1,"minecraft:stone_shovel":1,"minecraft:light_gray_bed":15,"minecraft:stone_sword":1,"minecraft:beetroot_seeds":12,"minecraft:glow_berries":13,"minecraft:white_wool":20,"minecraft:cobblestone":124,"minecraft:water_bucket":1,"minecraft:jungle_log":1303,"minecraft:leather":1,"minecraft:jungle_fence":10,"minecraft:potato":157,"minecraft:flint":4,"minecraft:oak_log":14,"minecraft:cobblestone_wall":1,"minecraft:dirt":175,"minecraft:lantern":9,"minecraft:bone":15,"minecraft:red_carpet":2,"minecraft:wheat_seeds":76,"minecraft:stone_pickaxe":5,"minecraft:fletching_table":3,"minecraft:mossy_stone_brick_wall":4,"minecraft:moss_block":5,"minecraft:stone_hoe":1,"minecraft:oak_planks":13,"minecraft:oak_slab":9,"minecraft:sweet_berries":8,"minecraft:dandelion":2,"minecraft:gravel":74,"minecraft:jungle_planks":1,"minecraft:white_bed":2,"minecraft:spruce_log":1,"minecraft:crying_obsidian":2,"minecraft:jungle_slab":9,"minecraft:barrel":4,"minecraft:leather_helmet":1,"minecraft:pumpkin_seeds":4,"minecraft:stone_axe":3,"minecraft:short_grass":2,"minecraft:writable_book":4,"minecraft:emerald":16,"minecraft:baked_potato":10,"minecraft:oak_sapling":2,"minecraft:melon_seeds":4,"minecraft:dark_oak_fence":1,"minecraft:charcoal":2},"minecraft:used":{"minecraft:oak_trapdoor":12,"minecraft:oak_fence":26,"minecraft:moss_block":1,"minecraft:writable_book":1,"minecraft:stone_sword":4,"minecraft:stone_shovel":164,"minecraft:chest":4,"minecraft:stone_hoe":83,"minecraft:orange_bed":1,"minecraft:torch":2,"minecraft:dirt":137,"minecraft:cocoa_beans":8,"minecraft:white_carpet":4,"minecraft:hopper":2,"minecraft:jungle_planks":1,"minecraft:cobblestone_wall":1,"minecraft:carrot":58,"minecraft:jungle_slab":133,"minecraft:cod_bucket":1,"minecraft:jungle_sapling":70,"minecraft:dark_oak_planks":2,"minecraft:wooden_axe":7,"minecraft:lava_bucket":3,"minecraft:lantern":6,"minecraft:iron_axe":1345,"minecraft:jungle_log":23,"minecraft:barrel":3,"minecraft:red_carpet":1,"minecraft:oak_sapling":2,"minecraft:egg":2,"minecraft:potato":73,"minecraft:light_gray_bed":15,"minecraft:wheat_seeds":33,"minecraft:water_bucket":5,"minecraft:jungle_fence":28,"minecraft:stone_pickaxe":580,"minecraft:baked_potato":7,"minecraft:oak_planks":5,"minecraft:wooden_pickaxe":3,"minecraft:brown_mushroom":1,"minecraft:fletching_table":5,"minecraft:cobblestone_slab":905,"minecraft:glow_berries":13,"minecraft:oak_slab":99,"minecraft:crafting_table":2,"minecraft:red_bed":6,"minecraft:campfire":1,"minecraft:white_bed":8,"minecraft:melon_slice":3,"minecraft:iron_pickaxe":131,"minecraft:lectern":2,"minecraft:stone_slab":2,"minecraft:gravel":74,"minecraft:stone_axe":141,"minecraft:cobblestone":39,"minecraft:smithing_table":8,"minecraft:dark_oak_fence":1,"minecraft:bucket":7,"minecraft:bone_meal":45},"minecraft:custom":{"minecraft:mob_kills":2,"minecraft:animals_bred":6,"minecraft:inspect_hopper":2,"minecraft:interact_with_crafting_table":91,"minecraft:open_barrel":18,"minecraft:interact_with_campfire":11,"minecraft:bell_ring":6,"minecraft:damage_dealt_resisted":153,"minecraft:leave_game":2,"minecraft:time_since_death":43487,"minecraft:climb_one_cm":15058,"minecraft:sprint_one_cm":662473,"minecraft:walk_one_cm":572987,"minecraft:drop":35,"minecraft:talked_to_villager":61,"minecraft:play_time":306970,"minecraft:deaths":20,"minecraft:sneak_time":54316,"minecraft:walk_under_water_one_cm":13099,"minecraft:jump":3547,"minecraft:walk_on_water_one_cm":8299,"minecraft:total_world_time":306970,"minecraft:interact_with_furnace":2,"minecraft:traded_with_villager":231,"minecraft:sleep_in_bed":13,"minecraft:time_since_rest":15840,"minecraft:damage_taken":5465,"minecraft:damage_dealt":1038,"minecraft:swim_one_cm":2628,"minecraft:fly_one_cm":863436,"minecraft:open_chest":252,"minecraft:crouch_one_cm":194502,"minecraft:fall_one_cm":37816,"minecraft:horse_one_cm":164},"minecraft:crafted":{"minecraft:oak_planks":92,"minecraft:cobblestone_slab":780,"minecraft:stone_shovel":2,"minecraft:bone_meal":45,"minecraft:white_carpet":3,"minecraft:oak_trapdoor":8,"minecraft:hopper":2,"minecraft:iron_axe":7,"minecraft:stone_pickaxe":5,"minecraft:cobblestone_wall":42,"minecraft:chest":6,"minecraft:oak_button":1,"minecraft:jungle_fence":18,"minecraft:stone_hoe":2,"minecraft:oak_fence":9,"minecraft:oak_slab":90,"minecraft:jungle_wood":81,"minecraft:emerald":231,"minecraft:crafting_table":2,"minecraft:smithing_table":2,"minecraft:fletching_table":2,"minecraft:campfire":1,"minecraft:stone_axe":3,"minecraft:jungle_slab":126,"minecraft:air":0,"minecraft:jungle_planks":4260,"minecraft:stick":7792,"minecraft:iron_pickaxe":1,"minecraft:white_bed":6,"minecraft:shears":1},"minecraft:mined":{"minecraft:dark_oak_planks":3,"minecraft:white_bed":2,"minecraft:oak_sapling":1,"minecraft:jungle_slab":10,"minecraft:oak_door":1,"minecraft:jungle_leaves":62,"minecraft:dark_oak_fence":1,"minecraft:grass_block":15,"minecraft:jungle_planks":1,"minecraft:jungle_log":1273,"minecraft:light_gray_bed":16,"minecraft:moss_block":6,"minecraft:oak_trapdoor":4,"minecraft:carrots":19,"minecraft:jungle_sapling":9,"minecraft:barrel":4,"minecraft:fletching_table":3,"minecraft:potatoes":42,"minecraft:cave_vines":1,"minecraft:cobblestone_slab":37,"minecraft:vine":105,"minecraft:lantern":1,"minecraft:stone":525,"minecraft:orange_bed":1,"minecraft:smithing_table":7,"minecraft:oak_slab":6,"minecraft:acacia_leaves":2,"minecraft:brown_mushroom":1,"minecraft:glass_pane":2,"minecraft:red_bed":8,"minecraft:oak_fence":20,"minecraft:torch":1,"minecraft:short_grass":6,"minecraft:melon":1,"minecraft:chest":1,"minecraft:campfire":1,"minecraft:lectern":2,"minecraft:stone_slab":2,"minecraft:tall_grass":11,"minecraft:cobblestone":135,"minecraft:oak_planks":4,"minecraft:wall_torch":1,"minecraft:blue_terracotta":1,"minecraft:mossy_stone_brick_wall":4,"minecraft:cobblestone_wall":1,"minecraft:wheat":22,"minecraft:white_carpet":1,"minecraft:spruce_log":1,"minecraft:jungle_fence":10,"minecraft:oak_log":9,"minecraft:mycelium":3,"minecraft:cocoa":2,"minecraft:gravel":78,"minecraft:dirt":137,"minecraft:oak_leaves":1,"minecraft:fern":2},"minecraft:dropped":{"minecraft:short_grass":2,"minecraft:wheat_seeds":1,"minecraft:oak_log":5,"minecraft:oak_fence":2,"minecraft:cobblestone":7,"minecraft:leather_helmet":1,"minecraft:stick":7,"minecraft:emerald":10,"minecraft:dirt":1,"minecraft:jungle_sapling":2,"minecraft:iron_axe":3,"minecraft:iron_pickaxe":1,"minecraft:bucket":1,"minecraft:dandelion":1,"minecraft:stone_axe":2,"minecraft:stone_sword":1,"minecraft:potato":34,"minecraft:cobblestone_slab":139,"minecraft:jungle_log":45,"minecraft:stone_pickaxe":3,"minecraft:egg":1},"minecraft:broken":{"minecraft:stone_pickaxe":4,"minecraft:iron_axe":3},"minecraft:killed":{"minecraft:vindicator":1,"minecraft:trader_llama":1},"minecraft:killed_by":{"minecraft:polar_bear":1,"minecraft:pillager":1,"minecraft:skeleton":1,"minecraft:zombie":1,"minecraft:vex":2}},"DataVersion":3953}