{"stats":{"minecraft:custom":{"minecraft:interact_with_furnace":1,"minecraft:mob_kills":2,"minecraft:inspect_hopper":2,"minecraft:traded_with_villager":4,"minecraft:interact_with_crafting_table":41,"minecraft:bell_ring":6,"minecraft:damage_dealt_resisted":153,"minecraft:leave_game":2,"minecraft:time_since_death":11659,"minecraft:sleep_in_bed":4,"minecraft:climb_one_cm":9127,"minecraft:time_since_rest":11702,"minecraft:sprint_one_cm":310650,"minecraft:damage_taken":2970,"minecraft:walk_one_cm":185013,"minecraft:drop":27,"minecraft:damage_dealt":1028,"minecraft:swim_one_cm":2628,"minecraft:talked_to_villager":15,"minecraft:fly_one_cm":450116,"minecraft:open_chest":126,"minecraft:play_time":151296,"minecraft:crouch_one_cm":130574,"minecraft:sneak_time":32710,"minecraft:deaths":13,"minecraft:walk_under_water_one_cm":6353,"minecraft:jump":1864,"minecraft:walk_on_water_one_cm":6047,"minecraft:total_world_time":151296,"minecraft:fall_one_cm":17518},"minecraft:killed_by":{"minecraft:skeleton":1,"minecraft:polar_bear":1,"minecraft:zombie":1,"minecraft:pillager":1,"minecraft:vex":1},"minecraft:broken":{"minecraft:stone_pickaxe":4},"minecraft:used":{"minecraft:oak_trapdoor":12,"minecraft:oak_fence":1,"minecraft:moss_block":1,"minecraft:stone_sword":4,"minecraft:water_bucket":4,"minecraft:stone_pickaxe":580,"minecraft:oak_planks":3,"minecraft:chest":3,"minecraft:wooden_pickaxe":3,"minecraft:brown_mushroom":1,"minecraft:cobblestone_slab":905,"minecraft:torch":1,"minecraft:glow_berries":13,"minecraft:dirt":19,"minecraft:hopper":2,"minecraft:crafting_table":1,"minecraft:red_bed":5,"minecraft:cobblestone_wall":1,"minecraft:jungle_sapling":18,"minecraft:dark_oak_planks":2,"minecraft:lava_bucket":3,"minecraft:wooden_axe":7,"minecraft:iron_axe":132,"minecraft:iron_pickaxe":121,"minecraft:jungle_log":19,"minecraft:stone_slab":2,"minecraft:stone_axe":141,"minecraft:red_carpet":1,"minecraft:cobblestone":31,"minecraft:oak_sapling":2,"minecraft:dark_oak_fence":1,"minecraft:bucket":6,"minecraft:egg":2,"minecraft:light_gray_bed":14},"minecraft:killed":{"minecraft:vindicator":1,"minecraft:trader_llama":1},"minecraft:mined":{"minecraft:brown_mushroom":1,"minecraft:acacia_leaves":2,"minecraft:red_bed":7,"minecraft:oak_sapling":1,"minecraft:jungle_leaves":22,"minecraft:oak_fence":3,"minecraft:torch":1,"minecraft:dark_oak_fence":1,"minecraft:short_grass":1,"minecraft:grass_block":9,"minecraft:jungle_log":232,"minecraft:light_gray_bed":15,"minecraft:stone_slab":2,"minecraft:tall_grass":6,"minecraft:cobblestone":135,"minecraft:moss_block":6,"minecraft:oak_planks":3,"minecraft:wall_torch":1,"minecraft:oak_trapdoor":4,"minecraft:blue_terracotta":1,"minecraft:jungle_sapling":9,"minecraft:cobblestone_wall":1,"minecraft:cave_vines":1,"minecraft:oak_log":8,"minecraft:mycelium":3,"minecraft:cobblestone_slab":33,"minecraft:vine":15,"minecraft:gravel":4,"minecraft:dirt":6,"minecraft:stone":525,"minecraft:oak_leaves":1,"minecraft:dark_oak_planks":3},"minecraft:dropped":{"minecraft:stone_axe":2,"minecraft:wheat_seeds":1,"minecraft:oak_log":5,"minecraft:stone_sword":1,"minecraft:oak_fence":2,"minecraft:cobblestone":7,"minecraft:leather_helmet":1,"minecraft:stick":7,"minecraft:dirt":1,"minecraft:cobblestone_slab":139,"minecraft:jungle_log":45,"minecraft:jungle_sapling":2,"minecraft:stone_pickaxe":3,"minecraft:iron_pickaxe":1,"minecraft:dandelion":1,"minecraft:egg":1},"minecraft:picked_up":{"minecraft:wooden_axe":1,"minecraft:jungle_log":277,"minecraft:water_bucket":1,"minecraft:stone_slab":3,"minecraft:leather":1,"minecraft:brown_mushroom":1,"minecraft:lead":6,"minecraft:wooden_pickaxe":1,"minecraft:oak_log":13,"minecraft:cobblestone_wall":1,"minecraft:dirt":23,"minecraft:red_bed":5,"minecraft:oak_trapdoor":4,"minecraft:red_carpet":2,"minecraft:wheat_seeds":1,"minecraft:bucket":1,"minecraft:stone_pickaxe":5,"minecraft:cobblestone_slab":154,"minecraft:iron_pickaxe":1,"minecraft:jungle_sapling":41,"minecraft:netherite_upgrade_smithing_template":1,"minecraft:moss_block":5,"minecraft:oak_planks":7,"minecraft:egg":3,"minecraft:stick":30,"minecraft:oak_fence":3,"minecraft:torch":1,"minecraft:dandelion":2,"minecraft:gravel":4,"minecraft:leather_helmet":1,"minecraft:dark_oak_planks":4,"minecraft:stone_sword":1,"minecraft:light_gray_bed":14,"minecraft:stone_axe":3,"minecraft:oak_sapling":2,"minecraft:glow_berries":13,"minecraft:dark_oak_fence":1,"minecraft:cobblestone":124},"minecraft:crafted":{"minecraft:oak_planks":56,"minecraft:cobblestone_slab":780,"minecraft:emerald":4,"minecraft:crafting_table":1,"minecraft:stone_axe":3,"minecraft:jungle_planks":436,"minecraft:air":0,"minecraft:oak_trapdoor":8,"minecraft:hopper":2,"minecraft:stick":544,"minecraft:stone_pickaxe":5,"minecraft:iron_pickaxe":1,"minecraft:cobblestone_wall":42,"minecraft:chest":5,"minecraft:oak_button":1}},"DataVersion":3953}