{"stats":{"minecraft:dropped":{"minecraft:repeating_command_block":3,"minecraft:pink_stained_glass":1,"minecraft:short_grass":9,"minecraft:mud_brick_slab":1,"minecraft:cooked_beef":48,"minecraft:glow_ink_sac":8,"minecraft:glass_bottle":8,"minecraft:diamond":7,"minecraft:spore_blossom":4,"minecraft:crafting_table":1,"minecraft:lime_concrete_powder":1,"minecraft:lime_stained_glass":1,"minecraft:cooked_porkchop":11,"minecraft:sandstone_stairs":1,"minecraft:music_disc_relic":1,"minecraft:pitcher_pod":1,"minecraft:orange_tulip":2,"minecraft:dark_oak_slab":2,"minecraft:crossbow":4,"minecraft:weeping_vines":1,"minecraft:warden_spawn_egg":1,"minecraft:turtle_spawn_egg":130,"minecraft:glow_berries":5,"minecraft:warped_roots":1,"minecraft:squid_spawn_egg":2,"minecraft:rooted_dirt":3,"minecraft:saddle":1,"minecraft:polar_bear_spawn_egg":4,"minecraft:rail":1,"minecraft:cut_sandstone_slab":2,"minecraft:leather_helmet":1,"minecraft:red_mushroom":1,"minecraft:item_frame":6,"minecraft:emerald":897,"minecraft:gold_block":119,"minecraft:dirt":32,"minecraft:birch_fence":1,"minecraft:yellow_dye":1,"minecraft:salmon_spawn_egg":4,"minecraft:husk_spawn_egg":1,"minecraft:netherite_boots":1,"minecraft:cherry_leaves":1,"minecraft:jungle_sapling":1,"minecraft:chain":1,"minecraft:gold_nugget":26,"minecraft:wooden_sword":1,"minecraft:bone_meal":19,"minecraft:bone_block":1,"minecraft:phantom_membrane":97,"minecraft:sand":8,"minecraft:white_wool":1,"minecraft:tropical_fish_bucket":1,"minecraft:bone":2,"minecraft:green_candle":1,"minecraft:oak_door":3,"minecraft:goat_horn":6,"minecraft:sugar_cane":3,"minecraft:lever":4,"minecraft:diamond_block":1,"minecraft:tinted_glass":3,"minecraft:wheat":2,"minecraft:netherite_sword":18,"minecraft:birch_sapling":1,"minecraft:obsidian":15,"minecraft:deepslate_brick_slab":1,"minecraft:rotten_flesh":14,"minecraft:grindstone":4,"minecraft:oak_planks":4,"minecraft:enchanted_golden_apple":2,"minecraft:netherite_shovel":1,"minecraft:end_stone":3,"minecraft:warped_sign":1,"minecraft:golden_shovel":1,"minecraft:azure_bluet":2,"minecraft:jungle_trapdoor":1,"minecraft:orange_stained_glass":1,"minecraft:salmon":2,"minecraft:dead_fire_coral_block":5,"minecraft:blue_stained_glass":1,"minecraft:eye_armor_trim_smithing_template":1,"minecraft:red_stained_glass_pane":2,"minecraft:echo_shard":129,"minecraft:endermite_spawn_egg":5,"minecraft:yellow_stained_glass_pane":1,"minecraft:sea_lantern":65,"minecraft:tipped_arrow":1,"minecraft:azalea_leaves":2,"minecraft:piglin_spawn_egg":2,"minecraft:deepslate_copper_ore":1,"minecraft:coal_ore":2,"minecraft:charcoal":12,"minecraft:quartz_block":4,"minecraft:hopper":3,"minecraft:leather_boots":2,"minecraft:acacia_sapling":1,"minecraft:ladder":2,"minecraft:leather_leggings":1,"minecraft:white_dye":5,"minecraft:painting":2,"minecraft:spruce_slab":5,"minecraft:end_stone_bricks":4,"minecraft:strider_spawn_egg":130,"minecraft:campfire":8,"minecraft:beef":23,"minecraft:podzol":1,"minecraft:flowering_azalea_leaves":3,"minecraft:piglin_brute_spawn_egg":3,"minecraft:crying_obsidian":5,"minecraft:stone_brick_stairs":3,"minecraft:green_stained_glass":2,"minecraft:dead_tube_coral_block":7,"minecraft:egg":128,"minecraft:enchanted_book":8,"minecraft:iron_ingot":67,"minecraft:wolf_spawn_egg":1,"minecraft:mooshroom_spawn_egg":1,"minecraft:drowned_spawn_egg":1,"minecraft:sculk_shrieker":2,"minecraft:mangrove_leaves":1,"minecraft:tnt":2,"minecraft:deepslate_brick_wall":1,"minecraft:dripstone_block":2,"minecraft:witch_spawn_egg":1,"minecraft:light_gray_stained_glass_pane":2,"minecraft:netherite_chestplate":1,"minecraft:netherite_helmet":1,"minecraft:cobblestone":1311,"minecraft:end_stone_brick_slab":2,"minecraft:guardian_spawn_egg":2,"minecraft:feather":46,"minecraft:oak_fence":2,"minecraft:yellow_terracotta":1,"minecraft:barrier":5,"minecraft:book":2,"minecraft:elder_guardian_spawn_egg":1,"minecraft:apple":3,"minecraft:spruce_button":1,"minecraft:command_block":38,"minecraft:red_stained_glass":1,"minecraft:spruce_door":2,"minecraft:deepslate_tile_slab":2,"minecraft:disc_fragment_5":2,"minecraft:mushroom_stew":1,"minecraft:warped_trapdoor":4,"minecraft:ghast_spawn_egg":1,"minecraft:turtle_egg":4,"minecraft:acacia_sign":5,"minecraft:oxeye_daisy":1,"minecraft:lava_bucket":3,"minecraft:cobweb":18,"minecraft:jungle_slab":2,"minecraft:stripped_crimson_stem":1,"minecraft:golden_carrot":1,"minecraft:lodestone":1,"minecraft:wooden_axe":4,"minecraft:lapis_ore":1,"minecraft:diamond_helmet":1,"minecraft:potion":2,"minecraft:dead_bush":7,"minecraft:nether_sprouts":1,"minecraft:oak_stairs":4,"minecraft:smooth_sandstone_slab":2,"minecraft:orange_concrete_powder":1,"minecraft:white_banner":1,"minecraft:red_dye":1,"minecraft:jungle_boat":1,"minecraft:mud":3,"minecraft:chipped_anvil":1,"minecraft:prismarine_slab":1,"minecraft:paper":1,"minecraft:string":24,"minecraft:lily_pad":1,"minecraft:trapped_chest":2,"minecraft:spruce_sapling":1,"minecraft:stone_brick_slab":6,"minecraft:infested_cracked_stone_bricks":5,"minecraft:hanging_roots":1,"minecraft:pink_tulip":1,"minecraft:snow_block":3,"minecraft:yellow_concrete_powder":1,"minecraft:bricks":1,"minecraft:moss_carpet":3,"minecraft:redstone_ore":2,"minecraft:soul_soil":1,"minecraft:ravager_spawn_egg":2,"minecraft:pufferfish_spawn_egg":1,"minecraft:soul_torch":3,"minecraft:pitcher_plant":1,"minecraft:cobblestone_wall":2,"minecraft:dark_oak_sign":9,"minecraft:cocoa_beans":10,"minecraft:smooth_stone_slab":2,"minecraft:bowl":2,"minecraft:deepslate":19,"minecraft:white_carpet":1,"minecraft:clay_ball":1,"minecraft:stone_slab":5,"minecraft:damaged_anvil":5,"minecraft:name_tag":66,"minecraft:debug_stick":5,"minecraft:diamond_ore":3,"minecraft:end_stone_brick_wall":3,"minecraft:nether_bricks":1,"minecraft:spruce_fence":1,"minecraft:torchflower_seeds":1,"minecraft:oak_sign":5,"minecraft:pumpkin_seeds":6,"minecraft:suspicious_stew":6,"minecraft:purple_stained_glass":2,"minecraft:lily_of_the_valley":2,"minecraft:big_dripleaf":1,"minecraft:diamond_sword":3,"minecraft:light_blue_dye":1,"minecraft:cobblestone_slab":8,"minecraft:rabbit_spawn_egg":2,"minecraft:stone":27,"minecraft:sea_pickle":2,"minecraft:allium":4,"minecraft:spruce_trapdoor":8,"minecraft:spruce_planks":3,"minecraft:light_blue_carpet":3,"minecraft:redstone_torch":8,"minecraft:stone_pressure_plate":1,"minecraft:stone_bricks":6,"minecraft:barrel":4,"minecraft:brown_carpet":3,"minecraft:bamboo":1,"minecraft:light_gray_dye":1,"minecraft:magenta_concrete_powder":1,"minecraft:sandstone":7,"minecraft:blue_orchid":5,"minecraft:bow":2,"minecraft:red_sand":6,"minecraft:horse_spawn_egg":1,"minecraft:red_tulip":1,"minecraft:green_concrete_powder":1,"minecraft:magma_cube_spawn_egg":2,"minecraft:cooked_rabbit":1,"minecraft:vex_armor_trim_smithing_template":1,"minecraft:cyan_concrete_powder":1,"minecraft:pink_concrete_powder":1,"minecraft:black_wool":3,"minecraft:spruce_sign":6,"minecraft:nether_brick_stairs":3,"minecraft:shulker_spawn_egg":3,"minecraft:evoker_spawn_egg":2,"minecraft:gold_ore":3,"minecraft:crimson_nylium":3,"minecraft:vindicator_spawn_egg":1,"minecraft:soul_sand":1,"minecraft:moss_block":3,"minecraft:brown_mushroom":2,"minecraft:birch_planks":1,"minecraft:llama_spawn_egg":2,"minecraft:oak_log":5,"minecraft:baked_potato":17,"minecraft:dark_oak_sapling":1,"minecraft:jungle_fence":1,"minecraft:sandstone_slab":3,"minecraft:netherite_upgrade_smithing_template":1,"minecraft:lantern":7,"minecraft:blue_concrete_powder":1,"minecraft:tube_coral_fan":1,"minecraft:leather":49,"minecraft:bedrock":15,"minecraft:cod":6,"minecraft:cobblestone_stairs":4,"minecraft:stripped_warped_hyphae":1,"minecraft:zombie_villager_spawn_egg":128,"minecraft:panda_spawn_egg":1,"minecraft:wither_skeleton_spawn_egg":130,"minecraft:dark_oak_log":4,"minecraft:orange_carpet":1,"minecraft:packed_ice":9,"minecraft:ice":1,"minecraft:brush":1,"minecraft:tadpole_spawn_egg":1,"minecraft:cornflower":4,"minecraft:blaze_spawn_egg":3,"minecraft:light_gray_banner":1,"minecraft:prismarine_brick_slab":3,"minecraft:wet_sponge":1,"minecraft:axolotl_bucket":4,"minecraft:tropical_fish_spawn_egg":1,"minecraft:black_stained_glass":10,"minecraft:birch_log":2,"minecraft:crimson_door":1,"minecraft:gold_ingot":1,"minecraft:gravel":2,"minecraft:magenta_stained_glass":3,"minecraft:blackstone":5,"minecraft:pillager_spawn_egg":2,"minecraft:mangrove_roots":1,"minecraft:stripped_jungle_wood":1,"minecraft:twisting_vines":2,"minecraft:smooth_sandstone_stairs":1,"minecraft:soul_lantern":2,"minecraft:pointed_dripstone":4,"minecraft:cherry_sapling":1,"minecraft:yellow_stained_glass":2,"minecraft:prismarine":1,"minecraft:beehive":2,"minecraft:cooked_mutton":13,"minecraft:stone_stairs":10,"minecraft:stray_spawn_egg":2,"minecraft:acacia_stairs":3,"minecraft:zombified_piglin_spawn_egg":1,"minecraft:mangrove_sign":1,"minecraft:mycelium":1,"minecraft:bat_spawn_egg":15,"minecraft:chiseled_stone_bricks":2,"minecraft:sandstone_wall":1,"minecraft:poppy":3,"minecraft:oak_fence_gate":1,"minecraft:leather_chestplate":4,"minecraft:turtle_helmet":3,"minecraft:soul_campfire":2,"minecraft:mangrove_log":1,"minecraft:mossy_stone_brick_wall":1,"minecraft:ocelot_spawn_egg":1,"minecraft:reinforced_deepslate":63,"minecraft:petrified_oak_slab":5,"minecraft:oak_wood":3,"minecraft:dropper":2,"minecraft:lingering_potion":1,"minecraft:melon_seeds":5,"minecraft:stone_brick_wall":4,"minecraft:bee_nest":1,"minecraft:azalea":3,"minecraft:chest":6,"minecraft:purple_concrete_powder":1,"minecraft:bogged_spawn_egg":1,"minecraft:spire_armor_trim_smithing_template":1,"minecraft:iron_ore":2,"minecraft:iron_bars":2,"minecraft:arrow":151,"minecraft:white_concrete_powder":2,"minecraft:oak_leaves":4,"minecraft:polished_granite":1,"minecraft:splash_potion":4,"minecraft:netherrack":8,"minecraft:breeze_spawn_egg":1,"minecraft:firework_rocket":2,"minecraft:spawner":4,"minecraft:torchflower":1,"minecraft:water_bucket":9,"minecraft:oak_slab":4,"minecraft:vine":8,"minecraft:red_concrete_powder":1,"minecraft:cherry_log":1,"minecraft:sniffer_egg":1,"minecraft:mossy_cobblestone":4,"minecraft:cyan_dye":3,"minecraft:netherite_axe":2,"minecraft:mangrove_propagule":2,"minecraft:lead":5,"minecraft:jungle_wood":1,"minecraft:observer":1,"minecraft:spectral_arrow":1,"minecraft:light_blue_concrete_powder":1,"minecraft:dead_horn_coral_block":12,"minecraft:parrot_spawn_egg":2,"minecraft:grass_block":22,"minecraft:bee_spawn_egg":2,"minecraft:light_blue_stained_glass":1,"minecraft:leather_horse_armor":6,"minecraft:zoglin_spawn_egg":9,"minecraft:torch":2,"minecraft:sculk_catalyst":2,"minecraft:repeater":10,"minecraft:light_blue_wool":1,"minecraft:white_concrete":2,"minecraft:smooth_quartz":1,"minecraft:iron_door":1,"minecraft:zombie_head":2,"minecraft:light_gray_stained_glass":3,"minecraft:crimson_sign":4,"minecraft:green_carpet":2,"minecraft:zombie_horse_spawn_egg":1,"minecraft:crimson_fence":1,"minecraft:slime_spawn_egg":3,"minecraft:flowering_azalea":3,"minecraft:cactus":6,"minecraft:pink_petals":1,"minecraft:chiseled_sandstone":2,"minecraft:redstone":28,"minecraft:polished_deepslate":8,"minecraft:nether_brick_slab":1,"minecraft:anvil":3,"minecraft:sweet_berries":1,"minecraft:kelp":4,"minecraft:gray_stained_glass":2,"minecraft:warped_nylium":3,"minecraft:oak_trapdoor":3,"minecraft:dragon_head":1,"minecraft:coarse_dirt":1,"minecraft:nether_wart":2,"minecraft:blaze_rod":3,"minecraft:allay_spawn_egg":1,"minecraft:tuff":1,"minecraft:tall_grass":6,"minecraft:sculk_sensor":3,"minecraft:wayfinder_armor_trim_smithing_template":1,"minecraft:smoker":1,"minecraft:villager_spawn_egg":4,"minecraft:comparator":4,"minecraft:iron_hoe":14,"minecraft:stripped_oak_log":1,"minecraft:phantom_spawn_egg":1,"minecraft:ender_eye":1,"minecraft:dolphin_spawn_egg":3,"minecraft:totem_of_undying":2,"minecraft:glass_pane":4,"minecraft:cave_spider_spawn_egg":2,"minecraft:prismarine_stairs":1,"minecraft:netherite_leggings":1,"minecraft:flint_and_steel":6,"minecraft:deepslate_bricks":1,"minecraft:filled_map":1,"minecraft:shield":2,"minecraft:end_stone_brick_stairs":2,"minecraft:oak_button":1,"minecraft:dead_horn_coral_fan":4,"minecraft:dead_tube_coral_fan":1,"minecraft:dragon_egg":1,"minecraft:andesite":1,"minecraft:warped_fence":1,"minecraft:fox_spawn_egg":66,"minecraft:blue_ice":3,"minecraft:dead_fire_coral":1,"minecraft:oak_sapling":3,"minecraft:end_portal_frame":1,"minecraft:frog_spawn_egg":1,"minecraft:golden_sword":6,"minecraft:cat_spawn_egg":133,"minecraft:birch_sign":23,"minecraft:cow_spawn_egg":4,"minecraft:slime_ball":1,"minecraft:spruce_log":5,"minecraft:dead_brain_coral_block":6,"minecraft:brown_stained_glass":1,"minecraft:nautilus_shell":3,"minecraft:white_stained_glass":2},"minecraft:used":{"minecraft:moss_block":250,"minecraft:orange_dye":2,"minecraft:nether_brick_fence":98,"minecraft:jack_o_lantern":19,"minecraft:writable_book":50,"minecraft:polished_granite_stairs":12,"minecraft:bamboo_sign":8,"minecraft:elytra":1,"minecraft:smooth_quartz_slab":89,"minecraft:dispenser":3,"minecraft:ladder":26,"minecraft:spruce_slab":226,"minecraft:dead_brain_coral":2,"minecraft:poppy":3,"minecraft:mangrove_fence_gate":1,"minecraft:red_nether_brick_stairs":30,"minecraft:warped_sign":16,"minecraft:black_carpet":5,"minecraft:chest":56,"minecraft:stone":5193,"minecraft:soul_sand":199,"minecraft:cocoa_beans":10,"minecraft:lily_of_the_valley":26,"minecraft:skeleton_spawn_egg":3,"minecraft:blue_stained_glass":20,"minecraft:brick_slab":94,"minecraft:jungle_slab":29,"minecraft:allium":5,"minecraft:orange_wool":74,"minecraft:deepslate_brick_slab":50,"minecraft:acacia_sapling":1,"minecraft:azure_bluet":23,"minecraft:stripped_spruce_log":5,"minecraft:warden_spawn_egg":2,"minecraft:jungle_sapling":24,"minecraft:frog_spawn_egg":4,"minecraft:packed_ice":260,"minecraft:stripped_dark_oak_wood":9,"minecraft:lava_bucket":454,"minecraft:netherite_shovel":1,"minecraft:villager_spawn_egg":22,"minecraft:mangrove_stairs":24,"minecraft:red_wool":4,"minecraft:grass_block":2111,"minecraft:deepslate_copper_ore":26,"minecraft:birch_sapling":1,"minecraft:quartz_block":610,"minecraft:copper_ore":39,"minecraft:wet_sponge":37,"minecraft:dark_oak_slab":116,"minecraft:cherry_leaves":31,"minecraft:stone_brick_stairs":126,"minecraft:dolphin_spawn_egg":1,"minecraft:red_stained_glass_pane":1,"minecraft:snow":722,"minecraft:bow":5,"minecraft:guardian_spawn_egg":2,"minecraft:sweet_berries":1,"minecraft:furnace":10,"minecraft:oak_sapling":4,"minecraft:mangrove_slab":55,"minecraft:acacia_fence":4,"minecraft:egg":59,"minecraft:gray_banner":3,"minecraft:end_stone_brick_stairs":164,"minecraft:dragon_head":9,"minecraft:dark_prismarine_stairs":1,"minecraft:seagrass":11,"minecraft:light_blue_carpet":5,"minecraft:deepslate_brick_wall":70,"minecraft:emerald_ore":7,"minecraft:short_grass":15,"minecraft:diorite":8,"minecraft:damaged_anvil":21,"minecraft:end_stone_bricks":339,"minecraft:cow_spawn_egg":4,"minecraft:spruce_door":5,"minecraft:brick_wall":60,"minecraft:stripped_birch_log":17,"minecraft:infested_stone":30,"minecraft:red_stained_glass":6,"minecraft:prismarine":970,"minecraft:blackstone":656,"minecraft:cactus":42,"minecraft:orange_tulip":5,"minecraft:lime_concrete_powder":1,"minecraft:leather_chestplate":4,"minecraft:fox_spawn_egg":6,"minecraft:black_glazed_terracotta":2,"minecraft:composter":2,"minecraft:parrot_spawn_egg":55,"minecraft:purpur_pillar":57,"minecraft:oak_leaves":277,"minecraft:jungle_boat":2,"minecraft:smooth_quartz_stairs":45,"minecraft:stripped_mangrove_wood":4,"minecraft:glow_berries":16,"minecraft:dark_oak_trapdoor":94,"minecraft:sand":210,"minecraft:blue_dye":7,"minecraft:purpur_stairs":486,"minecraft:cut_sandstone_slab":77,"minecraft:blast_furnace":7,"minecraft:smooth_red_sandstone":13,"minecraft:acacia_leaves":30,"minecraft:cyan_dye":14,"minecraft:blue_ice":28,"minecraft:netherite_helmet":1,"minecraft:squid_spawn_egg":11,"minecraft:purple_concrete_powder":1,"minecraft:deepslate_brick_stairs":74,"minecraft:lightning_rod":3,"minecraft:birch_fence":10,"minecraft:deepslate_tiles":49,"minecraft:enderman_spawn_egg":3,"minecraft:crying_obsidian":715,"minecraft:chiseled_sandstone":325,"minecraft:mangrove_door":5,"minecraft:gray_stained_glass_pane":1,"minecraft:zombie_head":1,"minecraft:deepslate_iron_ore":16,"minecraft:stone_button":20,"minecraft:spore_blossom":14,"minecraft:lectern":11,"minecraft:red_terracotta":337,"minecraft:polished_granite":21,"minecraft:cherry_sign":2,"minecraft:diamond_ore":79,"minecraft:cat_spawn_egg":388,"minecraft:flowering_azalea_leaves":32,"minecraft:soul_lantern":64,"minecraft:diamond_sword":128,"minecraft:wooden_sword":4,"minecraft:suspicious_gravel":15,"minecraft:dark_oak_fence":69,"minecraft:smithing_table":1,"minecraft:white_stained_glass":76,"minecraft:green_concrete_powder":1,"minecraft:birch_log":367,"minecraft:piglin_spawn_egg":6,"minecraft:pink_stained_glass":2,"minecraft:ice":27,"minecraft:gray_stained_glass":63,"minecraft:trial_spawner":1,"minecraft:oak_trapdoor":46,"minecraft:stripped_acacia_wood":14,"minecraft:iron_bars":93,"minecraft:orange_concrete":26,"minecraft:dead_bush":103,"minecraft:armor_stand":2,"minecraft:mycelium":125,"minecraft:silverfish_spawn_egg":279,"minecraft:stripped_warped_stem":40,"minecraft:bee_spawn_egg":6,"minecraft:tinted_glass":61,"minecraft:orange_bed":2,"minecraft:polished_blackstone_wall":3,"minecraft:sandstone_wall":12,"minecraft:wither_skeleton_spawn_egg":21,"minecraft:netherrack":1512,"minecraft:mangrove_fence":3,"minecraft:orange_stained_glass":7,"minecraft:torch":117,"minecraft:dragon_egg":1,"minecraft:brewing_stand":3,"minecraft:anvil":26,"minecraft:ancient_debris":44,"minecraft:light_blue_dye":5,"minecraft:nether_quartz_ore":124,"minecraft:chorus_flower":74,"minecraft:twisting_vines":47,"minecraft:stone_stairs":424,"minecraft:nether_brick_slab":62,"minecraft:yellow_carpet":18,"minecraft:golden_shovel":76,"minecraft:polished_granite_slab":2,"minecraft:jungle_trapdoor":18,"minecraft:glow_lichen":74,"minecraft:oak_fence_gate":8,"minecraft:blue_concrete":1,"minecraft:mud_brick_stairs":81,"minecraft:nether_brick_stairs":188,"minecraft:fern":46,"minecraft:mossy_cobblestone_stairs":9,"minecraft:small_dripleaf":9,"minecraft:sea_lantern":98,"minecraft:chipped_anvil":3,"minecraft:gray_dye":3,"minecraft:iron_block":17,"minecraft:light_weighted_pressure_plate":3,"minecraft:iron_axe":5,"minecraft:rooted_dirt":33,"minecraft:spruce_button":4,"minecraft:brick_stairs":152,"minecraft:warped_fence":15,"minecraft:polished_deepslate_wall":3,"minecraft:spawner":73,"minecraft:chicken_spawn_egg":1,"minecraft:smooth_quartz":358,"minecraft:lime_dye":3,"minecraft:piglin_brute_spawn_egg":9,"minecraft:mud_bricks":46,"minecraft:prismarine_slab":71,"minecraft:barrel":16,"minecraft:bamboo":66,"minecraft:blaze_spawn_egg":6,"minecraft:basalt":327,"minecraft:tripwire_hook":16,"minecraft:glowstone":19,"minecraft:warped_stairs":138,"minecraft:tall_grass":8,"minecraft:oxidized_copper":1,"minecraft:goat_horn":1,"minecraft:podzol":189,"minecraft:trapped_chest":15,"minecraft:acacia_wood":23,"minecraft:crimson_pressure_plate":1,"minecraft:cobbled_deepslate":13,"minecraft:acacia_planks":23,"minecraft:cherry_log":4,"minecraft:orange_terracotta":571,"minecraft:magenta_dye":4,"minecraft:observer":3,"minecraft:hanging_roots":5,"minecraft:pointed_dripstone":55,"minecraft:calcite":11,"minecraft:deepslate_emerald_ore":2,"minecraft:water_bucket":1523,"minecraft:yellow_banner":11,"minecraft:warped_stem":1,"minecraft:sandstone_stairs":3,"minecraft:mangrove_wood":54,"minecraft:dirt_path":2,"minecraft:prismarine_brick_slab":3,"minecraft:birch_planks":32,"minecraft:cartography_table":3,"minecraft:smooth_sandstone_slab":20,"minecraft:blue_concrete_powder":1,"minecraft:deepslate_bricks":262,"minecraft:cauldron":2,"minecraft:horse_spawn_egg":1,"minecraft:gold_ore":172,"minecraft:diamond_block":145,"minecraft:spruce_fence_gate":5,"minecraft:sheep_spawn_egg":3,"minecraft:glow_ink_sac":67,"minecraft:red_bed":3,"minecraft:acacia_hanging_sign":1,"minecraft:orange_carpet":19,"minecraft:polished_blackstone_bricks":1,"minecraft:cracked_stone_bricks":4,"minecraft:light_gray_banner":19,"minecraft:comparator":11,"minecraft:brown_dye":3,"minecraft:cyan_glazed_terracotta":15,"minecraft:vine":395,"minecraft:rail":63,"minecraft:mossy_cobblestone":247,"minecraft:green_dye":1,"minecraft:tnt":168,"minecraft:crafting_table":6,"minecraft:oak_slab":125,"minecraft:sculk_shrieker":21,"minecraft:phantom_spawn_egg":1,"minecraft:birch_sign":86,"minecraft:white_bed":3,"minecraft:campfire":39,"minecraft:mangrove_sign":49,"minecraft:endermite_spawn_egg":6,"minecraft:spruce_log":344,"minecraft:cake":1,"minecraft:bat_spawn_egg":188,"minecraft:deepslate_tile_wall":59,"minecraft:small_amethyst_bud":3,"minecraft:oak_log":265,"minecraft:mud":365,"minecraft:cornflower":5,"minecraft:yellow_dye":2,"minecraft:ender_eye":5,"minecraft:light":363,"minecraft:oxeye_daisy":21,"minecraft:ghast_spawn_egg":6,"minecraft:warped_trapdoor":19,"minecraft:acacia_sign":25,"minecraft:stripped_jungle_log":15,"minecraft:wind_charge":29,"minecraft:mangrove_propagule":18,"minecraft:suspicious_stew":10,"minecraft:iron_pickaxe":219,"minecraft:oak_button":1,"minecraft:pig_spawn_egg":2,"minecraft:spruce_pressure_plate":3,"minecraft:purpur_slab":625,"minecraft:magenta_concrete_powder":1,"minecraft:spruce_trapdoor":181,"minecraft:spruce_sapling":6,"minecraft:crimson_nylium":135,"minecraft:chiseled_stone_bricks":2,"minecraft:crimson_sign":11,"minecraft:green_carpet":3,"minecraft:cobblestone":1384,"minecraft:potion":30,"minecraft:azalea_leaves":62,"minecraft:andesite_stairs":21,"minecraft:red_concrete_powder":15,"minecraft:crimson_stairs":5,"minecraft:goat_spawn_egg":6,"minecraft:glass_pane":116,"minecraft:jukebox":2,"minecraft:dandelion":1,"minecraft:kelp":42,"minecraft:sandstone_slab":25,"minecraft:stripped_oak_log":21,"minecraft:repeating_command_block":12,"minecraft:end_portal_frame":15,"minecraft:sculk_vein":15,"minecraft:brush":2,"minecraft:candle":35,"minecraft:green_stained_glass":7,"minecraft:cherry_sapling":3,"minecraft:moss_carpet":40,"minecraft:light_gray_dye":6,"minecraft:blue_terracotta":30,"minecraft:purple_candle":24,"minecraft:red_sand":509,"minecraft:polished_deepslate":75,"minecraft:light_gray_stained_glass_pane":8,"minecraft:tadpole_spawn_egg":3,"minecraft:dead_tube_coral_fan":4,"minecraft:bone_block":115,"minecraft:oak_sign":159,"minecraft:polished_basalt":98,"minecraft:white_concrete_powder":38,"minecraft:axolotl_spawn_egg":3,"minecraft:decorated_pot":12,"minecraft:donkey_spawn_egg":49,"minecraft:white_terracotta":218,"minecraft:nether_wart":6,"minecraft:zombie_spawn_egg":3,"minecraft:stripped_jungle_wood":15,"minecraft:bell":1,"minecraft:smooth_sandstone_stairs":5,"minecraft:soul_campfire":2,"minecraft:stripped_crimson_stem":4,"minecraft:sculk_sensor":21,"minecraft:debug_stick":1186,"minecraft:spruce_leaves":2,"minecraft:mooshroom_spawn_egg":4,"minecraft:birch_pressure_plate":2,"minecraft:stray_spawn_egg":12,"minecraft:jungle_planks":8,"minecraft:nether_bricks":530,"minecraft:prismarine_brick_stairs":1,"minecraft:deepslate_tile_slab":403,"minecraft:beehive":12,"minecraft:tuff":86,"minecraft:music_disc_13":3,"minecraft:axolotl_bucket":4,"minecraft:milk_bucket":1,"minecraft:obsidian":594,"minecraft:big_dripleaf":15,"minecraft:glow_squid_spawn_egg":8,"minecraft:glass":17,"minecraft:crimson_button":6,"minecraft:cyan_terracotta":1,"minecraft:mangrove_log":401,"minecraft:bricks":378,"minecraft:coal_ore":173,"minecraft:quartz_slab":4,"minecraft:spruce_wood":4,"minecraft:lantern":106,"minecraft:blue_orchid":15,"minecraft:warped_nylium":150,"minecraft:mossy_cobblestone_slab":4,"minecraft:tropical_fish_spawn_egg":112,"minecraft:hopper_minecart":4,"minecraft:slime_spawn_egg":23,"minecraft:stone_bricks":749,"minecraft:item_frame":105,"minecraft:red_nether_brick_wall":5,"minecraft:bedrock":1682,"minecraft:deepslate_diamond_ore":3,"minecraft:repeater":37,"minecraft:golden_sword":4,"minecraft:reinforced_deepslate":64,"minecraft:birch_trapdoor":25,"minecraft:red_carpet":194,"minecraft:redstone_lamp":5,"minecraft:magma_block":39,"minecraft:brown_carpet":27,"minecraft:hay_block":2,"minecraft:written_book":18,"minecraft:infested_cracked_stone_bricks":2,"minecraft:mangrove_roots":2,"minecraft:gold_block":90,"minecraft:pink_concrete_powder":1,"minecraft:dark_oak_sapling":9,"minecraft:zoglin_spawn_egg":16,"minecraft:mangrove_leaves":21,"minecraft:dark_oak_stairs":305,"minecraft:end_rod":127,"minecraft:dropper":10,"minecraft:witch_spawn_egg":1,"minecraft:elder_guardian_spawn_egg":3,"minecraft:dark_oak_sign":31,"minecraft:mangrove_planks":177,"minecraft:jungle_fence":13,"minecraft:oak_planks":509,"minecraft:prismarine_stairs":124,"minecraft:structure_void":2,"minecraft:sandstone":1407,"minecraft:redstone_block":2,"minecraft:end_stone_brick_slab":252,"minecraft:sugar_cane":21,"minecraft:white_wool":928,"minecraft:yellow_terracotta":336,"minecraft:loom":2,"minecraft:light_blue_wool":41,"minecraft:crossbow":46,"minecraft:deepslate_redstone_ore":12,"minecraft:cave_spider_spawn_egg":3,"minecraft:dead_bubble_coral":1,"minecraft:blackstone_wall":21,"minecraft:lingering_potion":15,"minecraft:dripstone_block":164,"minecraft:shulker_spawn_egg":32,"minecraft:stone_brick_wall":53,"minecraft:deepslate_lapis_ore":11,"minecraft:end_stone":693,"minecraft:creeper_spawn_egg":4,"minecraft:redstone_torch":150,"minecraft:dead_fire_coral_fan":6,"minecraft:lever":97,"minecraft:hoglin_spawn_egg":2,"minecraft:firework_rocket":201,"minecraft:nether_sprouts":1,"minecraft:dark_oak_log":133,"minecraft:string":306,"minecraft:bogged_spawn_egg":1,"minecraft:breeze_spawn_egg":1,"minecraft:barrier":1173,"minecraft:brown_stained_glass":1,"minecraft:warped_slab":73,"minecraft:deepslate":656,"minecraft:iron_door":5,"minecraft:gravel":111,"minecraft:evoker_spawn_egg":5,"minecraft:stripped_warped_hyphae":1,"minecraft:jungle_sign":7,"minecraft:light_blue_concrete_powder":1,"minecraft:dead_horn_coral_fan":4,"minecraft:medium_amethyst_bud":3,"minecraft:crimson_door":1,"minecraft:deepslate_coal_ore":40,"minecraft:warped_button":4,"minecraft:grindstone":13,"minecraft:white_concrete":131,"minecraft:andesite":95,"minecraft:chain":128,"minecraft:waxed_oxidized_cut_copper_stairs":3,"minecraft:chest_minecart":3,"minecraft:smooth_stone_slab":3,"minecraft:mossy_cobblestone_wall":3,"minecraft:air":6,"minecraft:tropical_fish_bucket":1,"minecraft:coarse_dirt":806,"minecraft:bone_meal":785,"minecraft:oak_fence":50,"minecraft:cobweb":99,"minecraft:netherite_sword":1235,"minecraft:purpur_block":451,"minecraft:petrified_oak_slab":16,"minecraft:orange_concrete_powder":2,"minecraft:trident":1,"minecraft:jungle_leaves":6,"minecraft:waxed_weathered_copper":6,"minecraft:crimson_fence":1,"minecraft:white_tulip":8,"minecraft:flint_and_steel":62,"minecraft:redstone_ore":26,"minecraft:redstone":363,"minecraft:zombie_villager_spawn_egg":7,"minecraft:light_blue_terracotta":29,"minecraft:spruce_planks":1587,"minecraft:ender_chest":6,"minecraft:sculk":21,"minecraft:deepslate_gold_ore":9,"minecraft:wooden_shovel":1,"minecraft:oak_door":5,"minecraft:end_stone_brick_wall":100,"minecraft:dirt":4662,"minecraft:red_nether_brick_slab":40,"minecraft:white_carpet":5,"minecraft:hopper":7,"minecraft:spruce_stairs":181,"minecraft:cobblestone_wall":53,"minecraft:warped_door":1,"minecraft:shulker_box":7,"minecraft:diamond_helmet":1,"minecraft:oak_wood":71,"minecraft:bee_nest":5,"minecraft:spruce_fence":166,"minecraft:light_blue_stained_glass":18,"minecraft:andesite_wall":34,"minecraft:iron_hoe":33,"minecraft:dark_oak_planks":309,"minecraft:ravager_spawn_egg":63,"minecraft:stone_brick_slab":187,"minecraft:wooden_axe":43,"minecraft:brown_terracotta":208,"minecraft:bamboo_raft":2,"minecraft:red_tulip":3,"minecraft:light_gray_stained_glass":42,"minecraft:bookshelf":2,"minecraft:yellow_stained_glass":4,"minecraft:oak_stairs":213,"minecraft:acacia_slab":2,"minecraft:crimson_slab":9,"minecraft:iron_boots":3,"minecraft:crimson_planks":3,"minecraft:magma_cube_spawn_egg":4,"minecraft:yellow_concrete_powder":4,"minecraft:black_stained_glass":67,"minecraft:bamboo_chest_raft":1,"minecraft:salmon_spawn_egg":47,"minecraft:soul_soil":616,"minecraft:dark_oak_pressure_plate":1,"minecraft:lime_stained_glass":10,"minecraft:black_dye":2,"minecraft:deepslate_tile_stairs":52,"minecraft:white_stained_glass_pane":2,"minecraft:drowned_spawn_egg":5,"minecraft:netherite_pickaxe":317,"minecraft:cyan_concrete_powder":1,"minecraft:enchanted_golden_apple":9,"minecraft:stone_pressure_plate":13,"minecraft:cooked_beef":9,"minecraft:mossy_stone_brick_wall":10,"minecraft:zombified_piglin_spawn_egg":2,"minecraft:red_dye":18,"minecraft:powder_snow_bucket":68,"minecraft:light_gray_bed":10,"minecraft:turtle_egg":53,"minecraft:pumpkin":6,"minecraft:brown_bed":4,"minecraft:cobbled_deepslate_wall":4,"minecraft:turtle_spawn_egg":6,"minecraft:lodestone":4,"minecraft:pink_tulip":5,"minecraft:iron_ore":140,"minecraft:amethyst_block":53,"minecraft:cobblestone_stairs":297,"minecraft:snow_block":790,"minecraft:mud_brick_slab":116,"minecraft:polished_andesite":445,"minecraft:red_nether_bricks":254,"minecraft:andesite_slab":30,"minecraft:sniffer_egg":2,"minecraft:brown_mushroom":8,"minecraft:llama_spawn_egg":2,"minecraft:magenta_stained_glass":552,"minecraft:spruce_sign":31,"minecraft:white_dye":36,"minecraft:red_glazed_terracotta":2,"minecraft:beacon":2,"minecraft:stonecutter":2,"minecraft:vindicator_spawn_egg":9,"minecraft:cobblestone_slab":314,"minecraft:warped_roots":23,"minecraft:jungle_wood":15,"minecraft:glow_item_frame":9,"minecraft:rabbit_spawn_egg":3,"minecraft:polished_blackstone_pressure_plate":5,"minecraft:mangrove_trapdoor":6,"minecraft:stripped_dark_oak_log":18,"minecraft:terracotta":371,"minecraft:strider_spawn_egg":40,"minecraft:red_mushroom":8,"minecraft:yellow_stained_glass_pane":12,"minecraft:polar_bear_spawn_egg":9,"minecraft:painting":82,"minecraft:smoker":6,"minecraft:warped_planks":193,"minecraft:dark_oak_door":2,"minecraft:cyan_stained_glass":1,"minecraft:nether_gold_ore":112,"minecraft:purple_stained_glass":134,"minecraft:flower_pot":14,"minecraft:acacia_stairs":1,"minecraft:black_wool":108,"minecraft:apple":2,"minecraft:dead_fire_coral":1,"minecraft:command_block":549,"minecraft:lapis_ore":21,"minecraft:map":18,"minecraft:netherite_axe":34,"minecraft:stone_slab":792,"minecraft:jungle_stairs":12,"minecraft:budding_amethyst":6,"minecraft:purple_dye":1,"minecraft:yellow_wool":7,"minecraft:magenta_banner":101,"minecraft:pink_petals":74,"minecraft:cod_spawn_egg":2,"minecraft:crimson_fungus":8,"minecraft:end_crystal":12,"minecraft:turtle_helmet":9,"minecraft:mud_brick_wall":20,"minecraft:white_banner":26,"minecraft:red_banner":24,"minecraft:chain_command_block":9,"minecraft:sea_pickle":82,"minecraft:polished_blackstone_button":6,"minecraft:purple_carpet":10,"minecraft:gray_wool":336,"minecraft:sculk_catalyst":18,"minecraft:smooth_stone":3,"minecraft:splash_potion":208,"minecraft:soul_torch":73,"minecraft:pillager_spawn_egg":15},"minecraft:picked_up":{"minecraft:iron_chestplate":3,"minecraft:prismarine_shard":2,"minecraft:lead":4,"minecraft:stone_slab":2,"minecraft:diamond_sword":1,"minecraft:bee_spawn_egg":2,"minecraft:piglin_brute_spawn_egg":1,"minecraft:enchanted_book":8,"minecraft:golden_sword":9,"minecraft:stray_spawn_egg":1,"minecraft:polished_deepslate":4,"minecraft:string":68,"minecraft:ocelot_spawn_egg":1,"minecraft:zoglin_spawn_egg":2,"minecraft:gold_nugget":32,"minecraft:cobbled_deepslate":247,"minecraft:azalea_leaves":2,"minecraft:mangrove_log":1,"minecraft:beehive":1,"minecraft:phantom_spawn_egg":1,"minecraft:command_block":10,"minecraft:tropical_fish":4,"minecraft:wolf_spawn_egg":1,"minecraft:ravager_spawn_egg":1,"minecraft:blaze_rod":5,"minecraft:panda_spawn_egg":1,"minecraft:cave_spider_spawn_egg":1,"minecraft:barrier":1,"minecraft:feather":83,"minecraft:cooked_beef":29,"minecraft:iron_door":1,"minecraft:lantern":9,"minecraft:zombie_villager_spawn_egg":1,"minecraft:twisting_vines":5,"minecraft:llama_spawn_egg":1,"minecraft:moss_block":195,"minecraft:debug_stick":1,"minecraft:strider_spawn_egg":2,"minecraft:ink_sac":1,"minecraft:wither_skeleton_spawn_egg":2,"minecraft:iron_hoe":16,"minecraft:evoker_spawn_egg":1,"minecraft:blue_terracotta":1,"minecraft:deepslate":2,"minecraft:lever":6,"minecraft:dead_brain_coral_block":6,"minecraft:bricks":1,"minecraft:crimson_roots":5,"minecraft:bee_nest":1,"minecraft:nether_wart":4,"minecraft:leather_leggings":1,"minecraft:dead_horn_coral_block":12,"minecraft:elytra":6,"minecraft:cat_spawn_egg":4,"minecraft:flint_and_steel":1,"minecraft:netherite_scrap":1,"minecraft:iron_shovel":1,"minecraft:netherite_sword":3,"minecraft:beef":27,"minecraft:iron_nugget":1,"minecraft:poppy":3,"minecraft:egg":6,"minecraft:mangrove_sign":1,"minecraft:redstone":9,"minecraft:warped_sign":1,"minecraft:gold_ingot":2,"minecraft:totem_of_undying":4,"minecraft:glow_berries":4,"minecraft:mutton":1,"minecraft:fox_spawn_egg":2,"minecraft:ancient_debris":4,"minecraft:paper":1,"minecraft:white_banner":5,"minecraft:spawner":1,"minecraft:apple":4,"minecraft:kelp":2,"minecraft:reinforced_deepslate":15,"minecraft:warped_stem":1,"minecraft:spore_blossom":4,"minecraft:iron_ore":5,"minecraft:cobweb":17,"minecraft:magenta_stained_glass":1,"minecraft:iron_sword":3,"minecraft:flowering_azalea":2,"minecraft:dead_fire_coral_block":5,"minecraft:crying_obsidian":24,"minecraft:leather_helmet":6,"minecraft:husk_spawn_egg":1,"minecraft:slime_ball":10,"minecraft:short_grass":8,"minecraft:painting":5,"minecraft:birch_sign":3,"minecraft:warped_roots":3,"minecraft:baked_potato":19,"minecraft:melon_seeds":8,"minecraft:warped_nylium":5,"minecraft:crimson_nylium":3,"minecraft:mangrove_propagule":1,"minecraft:shulker_shell":63,"minecraft:potion":3,"minecraft:piglin_spawn_egg":1,"minecraft:dead_tube_coral_block":7,"minecraft:ghast_spawn_egg":2,"minecraft:zombie_head":2,"minecraft:oak_sign":3,"minecraft:red_sand":2,"minecraft:redstone_torch":4,"minecraft:azalea":2,"minecraft:iron_pickaxe":4,"minecraft:iron_boots":10,"minecraft:tipped_arrow":21,"minecraft:torch":7,"minecraft:porkchop":5,"minecraft:shulker_spawn_egg":2,"minecraft:pointed_dripstone":1,"minecraft:light_gray_banner":3,"minecraft:cactus":5,"minecraft:rotten_flesh":88,"minecraft:guardian_spawn_egg":1,"minecraft:leather_horse_armor":10,"minecraft:cod":16,"minecraft:cobblestone":3200,"minecraft:nautilus_shell":1,"minecraft:leather_chestplate":4,"minecraft:potato":2,"minecraft:bat_spawn_egg":24,"minecraft:dirt":1,"minecraft:leather_boots":4,"minecraft:bone":21,"minecraft:bow":1,"minecraft:wheat_seeds":3,"minecraft:cooked_porkchop":14,"minecraft:music_disc_13":3,"minecraft:grass_block":3,"minecraft:spectral_arrow":1,"minecraft:shulker_box":8,"minecraft:polar_bear_spawn_egg":1,"minecraft:diamond":19,"minecraft:soul_lantern":7,"minecraft:crossbow":2,"minecraft:bone_meal":4,"minecraft:golden_apple":1,"minecraft:spruce_sign":1,"minecraft:emerald":73,"minecraft:parrot_spawn_egg":1,"minecraft:netherrack":3,"minecraft:oak_leaves":1,"minecraft:cocoa_beans":18,"minecraft:blaze_spawn_egg":1,"minecraft:charcoal":24,"minecraft:dolphin_spawn_egg":3,"minecraft:splash_potion":3,"minecraft:ladder":3,"minecraft:turtle_helmet":1,"minecraft:cooked_rabbit":1,"minecraft:gold_block":7,"minecraft:chain":8,"minecraft:shield":3,"minecraft:magma_cube_spawn_egg":1,"minecraft:end_stone_brick_wall":1,"minecraft:moss_carpet":2,"minecraft:iron_axe":1,"minecraft:item_frame":7,"minecraft:observer":1,"minecraft:sugar_cane":1,"minecraft:phantom_membrane":97,"minecraft:squid_spawn_egg":1,"minecraft:pufferfish_spawn_egg":1,"minecraft:cookie":1,"minecraft:trident":4,"minecraft:stone_pressure_plate":1,"minecraft:arrow":19,"minecraft:turtle_spawn_egg":3,"minecraft:elder_guardian_spawn_egg":2,"minecraft:glow_ink_sac":14,"minecraft:crimson_stem":2,"minecraft:magenta_banner":1,"minecraft:salmon":3,"minecraft:leather":75,"minecraft:bedrock":4,"minecraft:gunpowder":65,"minecraft:deepslate_tile_slab":1,"minecraft:zombie_horse_spawn_egg":1,"minecraft:orange_terracotta":1,"minecraft:cooked_mutton":16,"minecraft:red_carpet":3,"minecraft:iron_ingot":4,"minecraft:sculk_catalyst":15,"minecraft:brush":1,"minecraft:endermite_spawn_egg":1,"minecraft:soul_torch":14,"minecraft:red_banner":1,"minecraft:spider_eye":1,"minecraft:pumpkin_seeds":12,"minecraft:campfire":1,"minecraft:gray_banner":3,"minecraft:iron_helmet":3,"minecraft:sunflower":3},"minecraft:crafted":{"minecraft:turtle_helmet":1,"minecraft:deepslate":1,"minecraft:emerald":225,"minecraft:iron_pickaxe":1,"minecraft:ravager_spawn_egg":1,"minecraft:leather_leggings":1,"minecraft:echo_shard":4,"minecraft:bone_meal":1,"minecraft:crossbow":4,"minecraft:squid_spawn_egg":1,"minecraft:leather_helmet":1,"minecraft:potion":2,"minecraft:blackstone":1,"minecraft:sculk_sensor":1,"minecraft:slime_spawn_egg":16,"minecraft:crafting_table":1,"minecraft:wooden_pickaxe":2,"minecraft:disc_fragment_5":4,"minecraft:book":12,"minecraft:emerald_block":9,"minecraft:yellow_dye":1,"minecraft:leather_chestplate":5,"minecraft:leather_boots":1,"minecraft:waxed_weathered_copper":2,"minecraft:axolotl_bucket":4,"minecraft:tropical_fish_spawn_egg":4,"minecraft:villager_spawn_egg":4,"minecraft:grass_block":2,"minecraft:air":0,"minecraft:vindicator_spawn_egg":1,"minecraft:firework_rocket":2},"minecraft:killed":{"minecraft:cave_spider":3,"minecraft:cod":5,"minecraft:shulker":24,"minecraft:guardian":1,"minecraft:fox":10,"minecraft:chicken":1,"minecraft:cat":37,"minecraft:magma_cube":1,"minecraft:parrot":47,"minecraft:iron_golem":1,"minecraft:pillager":12,"minecraft:goat":21,"minecraft:donkey":38,"minecraft:zombie":19,"minecraft:glow_squid":5,"minecraft:cow":10,"minecraft:evoker":6,"minecraft:vindicator":12,"minecraft:horse":10,"minecraft:warden":13,"minecraft:husk":3,"minecraft:frog":1,"minecraft:wandering_trader":1,"minecraft:enderman":1,"minecraft:zombified_piglin":43,"minecraft:bee":7,"minecraft:silverfish":29,"minecraft:illusioner":3,"minecraft:pig":3,"minecraft:zombie_villager":25,"minecraft:strider":6,"minecraft:creeper":4,"minecraft:trader_llama":1,"minecraft:mooshroom":1,"minecraft:stray":28,"minecraft:blaze":4,"minecraft:allay":3,"minecraft:slime":7,"minecraft:phantom":5,"minecraft:drowned":7,"minecraft:wither_skeleton":2,"minecraft:villager":343},"minecraft:killed_by":{"minecraft:vindicator":2,"minecraft:zombie":1,"minecraft:stray":5,"minecraft:evoker":1,"minecraft:cave_spider":2,"minecraft:phantom":1},"minecraft:custom":{"minecraft:interact_with_crafting_table":4,"minecraft:open_barrel":93,"minecraft:eat_cake_slice":4,"minecraft:leave_game":113,"minecraft:time_since_death":22,"minecraft:play_time":5799445,"minecraft:deaths":131,"minecraft:jump":9551,"minecraft:interact_with_furnace":34,"minecraft:play_record":3,"minecraft:traded_with_villager":76,"minecraft:sleep_in_bed":6,"minecraft:damage_dealt":373298,"minecraft:interact_with_smoker":8,"minecraft:inspect_dispenser":21,"minecraft:horse_one_cm":26979,"minecraft:interact_with_smithing_table":6,"minecraft:inspect_dropper":17,"minecraft:interact_with_anvil":59,"minecraft:inspect_hopper":29,"minecraft:damage_dealt_absorbed":19269,"minecraft:sneak_time":127614,"minecraft:interact_with_lectern":14,"minecraft:interact_with_blast_furnace":24,"minecraft:total_world_time":3710291,"minecraft:time_since_rest":43,"minecraft:swim_one_cm":10945,"minecraft:fly_one_cm":32668010,"minecraft:open_chest":358,"minecraft:fall_one_cm":857987,"minecraft:animals_bred":2,"minecraft:open_shulker_box":4,"minecraft:damage_resisted":64652,"minecraft:sprint_one_cm":1272952,"minecraft:drop":1464,"minecraft:talked_to_villager":400,"minecraft:interact_with_brewingstand":26,"minecraft:walk_on_water_one_cm":89066,"minecraft:interact_with_loom":5,"minecraft:open_enderchest":2,"minecraft:interact_with_beacon":5,"minecraft:crouch_one_cm":131075,"minecraft:mob_kills":1066,"minecraft:fill_cauldron":1,"minecraft:interact_with_campfire":4,"minecraft:damage_dealt_resisted":2548,"minecraft:climb_one_cm":19506,"minecraft:walk_one_cm":3447249,"minecraft:walk_under_water_one_cm":262593,"minecraft:boat_one_cm":2482,"minecraft:pot_flower":11,"minecraft:interact_with_grindstone":1,"minecraft:damage_taken":22636,"minecraft:damage_absorbed":1500,"minecraft:trigger_trapped_chest":19,"minecraft:aviate_one_cm":295607},"minecraft:mined":{"minecraft:short_grass":1,"minecraft:grass_block":1,"minecraft:iron_ore":5,"minecraft:stone":531},"minecraft:broken":{"minecraft:crossbow":6}},"DataVersion":3953}