{"stats":{"minecraft:custom":{"minecraft:time_since_rest":14996,"minecraft:interact_with_furnace":6,"minecraft:sprint_one_cm":65541,"minecraft:damage_taken":1093,"minecraft:walk_one_cm":272651,"minecraft:drop":2,"minecraft:inspect_hopper":1,"minecraft:damage_dealt":35,"minecraft:talked_to_villager":2,"minecraft:swim_one_cm":7491,"minecraft:interact_with_crafting_table":24,"minecraft:fly_one_cm":68399,"minecraft:open_chest":70,"minecraft:crouch_one_cm":70595,"minecraft:play_time":103395,"minecraft:deaths":4,"minecraft:sneak_time":17426,"minecraft:walk_under_water_one_cm":3809,"minecraft:jump":537,"minecraft:walk_on_water_one_cm":5985,"minecraft:time_since_death":14959,"minecraft:climb_one_cm":1570,"minecraft:total_world_time":103395,"minecraft:fall_one_cm":7172},"minecraft:killed_by":{"minecraft:zombie":1},"minecraft:used":{"minecraft:blue_terracotta":1,"minecraft:stone_pickaxe":1,"minecraft:poppy":1,"minecraft:wooden_pickaxe":83,"minecraft:cobblestone_slab":321,"minecraft:oak_slab":8},"minecraft:mined":{"minecraft:oak_slab":1,"minecraft:blue_terracotta":1,"minecraft:short_grass":14,"minecraft:oak_wood":3,"minecraft:cobblestone_slab":3,"minecraft:dirt":1,"minecraft:cobblestone":61,"minecraft:tall_grass":4,"minecraft:stone":19},"minecraft:dropped":{"minecraft:blue_terracotta":1,"minecraft:stone_pickaxe":1},"minecraft:picked_up":{"minecraft:oak_slab":1,"minecraft:oak_wood":3,"minecraft:blue_terracotta":2,"minecraft:wheat_seeds":1,"minecraft:stone_pickaxe":1,"minecraft:cobblestone_slab":1,"minecraft:oak_sapling":1,"minecraft:cobblestone":54},"minecraft:crafted":{"minecraft:oak_slab":6,"minecraft:oak_planks":12,"minecraft:cobblestone_slab":312,"minecraft:stick":8,"minecraft:wooden_pickaxe":1,"minecraft:iron_ingot":26,"minecraft:stone_pickaxe":1,"minecraft:stone_sword":1,"minecraft:iron_sword":1,"minecraft:stone_axe":1,"minecraft:air":0}},"DataVersion":3953}