{"stats":{"minecraft:picked_up":{"minecraft:cocoa_beans":7,"minecraft:jungle_log":4,"minecraft:jungle_wood":3,"minecraft:oak_stairs":43,"minecraft:oak_log":8,"minecraft:dirt":6,"minecraft:red_bed":1,"minecraft:lantern":1,"minecraft:iron_axe":1,"minecraft:wheat_seeds":1,"minecraft:stone_pickaxe":1,"minecraft:cobblestone_slab":1,"minecraft:chest":1,"minecraft:oak_planks":31,"minecraft:oak_slab":1,"minecraft:torch":1,"minecraft:orange_bed":1,"minecraft:oak_wood":3,"minecraft:blue_terracotta":2,"minecraft:light_gray_bed":2,"minecraft:stone_axe":1,"minecraft:baked_potato":2,"minecraft:oak_sapling":1,"minecraft:cobblestone":55},"minecraft:used":{"minecraft:blue_terracotta":1,"minecraft:stone_pickaxe":22,"minecraft:baked_potato":1,"minecraft:poppy":1,"minecraft:chest":1,"minecraft:wooden_pickaxe":94,"minecraft:cobblestone_slab":440,"minecraft:orange_bed":1,"minecraft:dirt":2,"minecraft:oak_slab":8,"minecraft:red_bed":1,"minecraft:iron_axe":90,"minecraft:stone_axe":4,"minecraft:light_gray_bed":2},"minecraft:custom":{"minecraft:interact_with_furnace":9,"minecraft:mob_kills":1,"minecraft:inspect_hopper":1,"minecraft:interact_with_crafting_table":30,"minecraft:open_barrel":3,"minecraft:bell_ring":3,"minecraft:eat_cake_slice":1,"minecraft:leave_game":2,"minecraft:time_since_death":4890,"minecraft:sleep_in_bed":2,"minecraft:climb_one_cm":4188,"minecraft:time_since_rest":4944,"minecraft:sprint_one_cm":167488,"minecraft:damage_taken":1603,"minecraft:walk_one_cm":494940,"minecraft:drop":6,"minecraft:damage_dealt":373,"minecraft:interact_with_beacon":3,"minecraft:talked_to_villager":9,"minecraft:swim_one_cm":9215,"minecraft:fly_one_cm":216237,"minecraft:open_chest":110,"minecraft:crouch_one_cm":98002,"minecraft:play_time":143068,"minecraft:deaths":6,"minecraft:sneak_time":23954,"minecraft:walk_under_water_one_cm":4198,"minecraft:jump":1138,"minecraft:walk_on_water_one_cm":6357,"minecraft:total_world_time":143068,"minecraft:fall_one_cm":13925},"minecraft:crafted":{"minecraft:oak_slab":6,"minecraft:oak_planks":12,"minecraft:cobblestone_slab":426,"minecraft:wooden_pickaxe":1,"minecraft:iron_sword":1,"minecraft:stone_axe":1,"minecraft:air":0,"minecraft:stick":8,"minecraft:iron_ingot":26,"minecraft:stone_pickaxe":1,"minecraft:stone_sword":1,"minecraft:gold_ingot":4},"minecraft:mined":{"minecraft:oak_slab":1,"minecraft:red_bed":1,"minecraft:short_grass":17,"minecraft:oak_wood":3,"minecraft:grass_block":5,"minecraft:light_gray_bed":2,"minecraft:cobblestone":64,"minecraft:tall_grass":5,"minecraft:oak_planks":36,"minecraft:blue_terracotta":1,"minecraft:jungle_wood":3,"minecraft:oak_log":8,"minecraft:cobblestone_slab":3,"minecraft:oak_stairs":44,"minecraft:dirt":2,"minecraft:stone":48,"minecraft:orange_bed":1},"minecraft:dropped":{"minecraft:blue_terracotta":1,"minecraft:baked_potato":1,"minecraft:dirt":4,"minecraft:jungle_log":2,"minecraft:iron_axe":1,"minecraft:stone_pickaxe":1},"minecraft:broken":{"minecraft:wooden_pickaxe":1},"minecraft:killed":{"minecraft:vindicator":1},"minecraft:killed_by":{"minecraft:zombie":1}},"DataVersion":3953}