{"stats":{"minecraft:dropped":{"minecraft:water_bucket":1,"minecraft:iron_sword":1,"minecraft:stone_axe":1,"minecraft:cobblestone":20,"minecraft:rotten_flesh":5,"minecraft:oak_planks":1,"minecraft:wooden_pickaxe":1},"minecraft:broken":{"minecraft:stone_axe":2,"minecraft:wooden_pickaxe":1},"minecraft:custom":{"minecraft:interact_with_furnace":8,"minecraft:mob_kills":11,"minecraft:inspect_hopper":4,"minecraft:interact_with_crafting_table":40,"minecraft:bell_ring":9,"minecraft:leave_game":1,"minecraft:time_since_death":7745,"minecraft:sleep_in_bed":4,"minecraft:climb_one_cm":13549,"minecraft:time_since_rest":8009,"minecraft:sprint_one_cm":309333,"minecraft:damage_taken":3098,"minecraft:walk_one_cm":579305,"minecraft:trigger_trapped_chest":1,"minecraft:drop":11,"minecraft:damage_dealt":2620,"minecraft:swim_one_cm":3741,"minecraft:talked_to_villager":11,"minecraft:fly_one_cm":327842,"minecraft:open_chest":224,"minecraft:crouch_one_cm":105966,"minecraft:play_time":128553,"minecraft:deaths":13,"minecraft:sneak_time":27341,"minecraft:walk_under_water_one_cm":10068,"minecraft:jump":1447,"minecraft:walk_on_water_one_cm":2138,"minecraft:total_world_time":128553,"minecraft:fall_one_cm":15090,"minecraft:inspect_dispenser":1},"minecraft:killed":{"minecraft:vex":2,"minecraft:skeleton":4,"minecraft:pillager":3,"minecraft:zombie":1,"minecraft:silverfish":1},"minecraft:picked_up":{"minecraft:wooden_axe":1,"minecraft:wheat":3,"minecraft:water_bucket":1,"minecraft:jungle_log":124,"minecraft:wooden_pickaxe":1,"minecraft:gold_block":1,"minecraft:oak_log":1,"minecraft:gunpowder":1,"minecraft:dirt":5,"minecraft:iron_axe":1,"minecraft:red_carpet":3,"minecraft:bone":7,"minecraft:wheat_seeds":7,"minecraft:bucket":1,"minecraft:stone_pickaxe":1,"minecraft:cobblestone_slab":16,"minecraft:jungle_sapling":3,"minecraft:iron_sword":1,"minecraft:oak_planks":1,"minecraft:dark_oak_sapling":15,"minecraft:oak_slab":4,"minecraft:stick":25,"minecraft:dark_oak_slab":8,"minecraft:stone_brick_slab":2,"minecraft:carrot":1,"minecraft:jungle_slab":4,"minecraft:dark_oak_log":103,"minecraft:mossy_cobblestone":1,"minecraft:dark_oak_planks":8,"minecraft:arrow":4,"minecraft:rotten_flesh":16,"minecraft:diamond":3,"minecraft:stone_axe":7,"minecraft:oak_sapling":1,"minecraft:netherrack":1,"minecraft:obsidian":3,"minecraft:coal":3,"minecraft:cobblestone":63},"minecraft:killed_by":{"minecraft:player":1,"minecraft:witch":1,"minecraft:zombie":1,"minecraft:pillager":3,"minecraft:vex":2},"minecraft:used":{"minecraft:wheat_seeds":4,"minecraft:chest":2,"minecraft:wooden_pickaxe":98,"minecraft:iron_sword":1,"minecraft:cobblestone_slab":77,"minecraft:netherrack":1,"minecraft:rotten_flesh":6,"minecraft:dirt":5,"minecraft:oak_slab":4,"minecraft:jungle_slab":194,"minecraft:obsidian":3,"minecraft:jungle_sapling":8,"minecraft:wooden_axe":17,"minecraft:dark_oak_planks":1,"minecraft:diamond_pickaxe":8,"minecraft:iron_pickaxe":7,"minecraft:dark_oak_slab":255,"minecraft:stone_axe":285,"minecraft:oak_sapling":1},"minecraft:crafted":{"minecraft:cooked_beef":1,"minecraft:oak_planks":4,"minecraft:cobblestone_slab":66,"minecraft:cooked_porkchop":1,"minecraft:wooden_pickaxe":4,"minecraft:iron_sword":1,"minecraft:stone_axe":5,"minecraft:jungle_slab":246,"minecraft:air":0,"minecraft:jungle_planks":140,"minecraft:dark_oak_slab":336,"minecraft:diamond_pickaxe":1,"minecraft:stick":4,"minecraft:iron_pickaxe":1,"minecraft:wooden_axe":1,"minecraft:chest":2,"minecraft:dark_oak_planks":188},"minecraft:mined":{"minecraft:dark_oak_planks":2,"minecraft:diamond_ore":3,"minecraft:jungle_slab":4,"minecraft:stone_brick_slab":2,"minecraft:jungle_leaves":14,"minecraft:dark_oak_log":100,"minecraft:obsidian":3,"minecraft:short_grass":2,"minecraft:jungle_log":128,"minecraft:tall_grass":2,"minecraft:cobblestone":67,"minecraft:dark_oak_slab":8,"minecraft:wheat":4,"minecraft:fire":7,"minecraft:gold_block":1,"minecraft:coal_ore":3,"minecraft:vine":5,"minecraft:dirt":6,"minecraft:stone":27,"minecraft:netherrack":2}},"DataVersion":3953}