{"stats":{"minecraft:custom":{"minecraft:time_since_rest":6936,"minecraft:interact_with_furnace":6,"minecraft:sprint_one_cm":90589,"minecraft:damage_taken":1293,"minecraft:walk_one_cm":336326,"minecraft:mob_kills":1,"minecraft:drop":4,"minecraft:inspect_hopper":1,"minecraft:damage_dealt":275,"minecraft:talked_to_villager":3,"minecraft:swim_one_cm":7491,"minecraft:interact_with_crafting_table":26,"minecraft:fly_one_cm":98035,"minecraft:open_chest":79,"minecraft:crouch_one_cm":74546,"minecraft:play_time":114001,"minecraft:deaths":5,"minecraft:sneak_time":18308,"minecraft:walk_under_water_one_cm":3809,"minecraft:jump":668,"minecraft:leave_game":1,"minecraft:walk_on_water_one_cm":5985,"minecraft:time_since_death":5879,"minecraft:climb_one_cm":2854,"minecraft:total_world_time":114001,"minecraft:fall_one_cm":7590},"minecraft:killed_by":{"minecraft:zombie":1},"minecraft:used":{"minecraft:blue_terracotta":1,"minecraft:stone_pickaxe":1,"minecraft:poppy":1,"minecraft:wooden_pickaxe":83,"minecraft:cobblestone_slab":345,"minecraft:stone_axe":4,"minecraft:oak_slab":8,"minecraft:light_gray_bed":1},"minecraft:killed":{"minecraft:vindicator":1},"minecraft:mined":{"minecraft:oak_slab":1,"minecraft:blue_terracotta":1,"minecraft:grass_block":4,"minecraft:short_grass":17,"minecraft:oak_wood":3,"minecraft:cobblestone_slab":3,"minecraft:light_gray_bed":1,"minecraft:dirt":1,"minecraft:cobblestone":61,"minecraft:tall_grass":4,"minecraft:stone":19},"minecraft:dropped":{"minecraft:dirt":4,"minecraft:blue_terracotta":1,"minecraft:jungle_log":2,"minecraft:stone_pickaxe":1},"minecraft:picked_up":{"minecraft:oak_slab":1,"minecraft:jungle_log":2,"minecraft:dirt":4,"minecraft:oak_wood":3,"minecraft:light_gray_bed":1,"minecraft:blue_terracotta":2,"minecraft:stone_axe":1,"minecraft:wheat_seeds":1,"minecraft:stone_pickaxe":1,"minecraft:cobblestone_slab":1,"minecraft:oak_sapling":1,"minecraft:cobblestone":54},"minecraft:crafted":{"minecraft:oak_slab":6,"minecraft:oak_planks":12,"minecraft:cobblestone_slab":336,"minecraft:stick":8,"minecraft:wooden_pickaxe":1,"minecraft:iron_ingot":26,"minecraft:stone_pickaxe":1,"minecraft:stone_sword":1,"minecraft:iron_sword":1,"minecraft:stone_axe":1,"minecraft:air":0}},"DataVersion":3953}