{"stats":{"minecraft:broken":{"minecraft:stone_pickaxe":1,"minecraft:stone_axe":1,"minecraft:iron_pickaxe":1},"minecraft:killed_by":{"minecraft:drowned":1},"minecraft:mined":{"minecraft:tuff":3,"minecraft:white_bed":3,"minecraft:deepslate_diamond_ore":24,"minecraft:sculk_vein":1,"minecraft:obsidian":3,"minecraft:granite":1,"minecraft:acacia_log":6,"minecraft:grass_block":6,"minecraft:jungle_planks":3,"minecraft:jungle_log":9,"minecraft:spawner":1,"minecraft:furnace":7,"minecraft:iron_ore":104,"minecraft:fire":39,"minecraft:andesite":2,"minecraft:deepslate_lapis_ore":3,"minecraft:gold_block":2,"minecraft:deepslate_iron_ore":35,"minecraft:vine":2,"minecraft:bamboo":2,"minecraft:stone":183,"minecraft:podzol":1,"minecraft:deepslate_redstone_ore":5,"minecraft:jungle_door":6,"minecraft:red_bed":3,"minecraft:crafting_table":19,"minecraft:torch":3,"minecraft:short_grass":40,"minecraft:poppy":1,"minecraft:melon":8,"minecraft:tall_grass":1,"minecraft:cobblestone":11,"minecraft:lapis_ore":6,"minecraft:deepslate_gold_ore":15,"minecraft:sugar_cane":20,"minecraft:oak_planks":52,"minecraft:sculk":7,"minecraft:wall_torch":1,"minecraft:oak_log":12,"minecraft:coal_ore":336,"minecraft:cocoa":1,"minecraft:gravel":4,"minecraft:dirt":5,"minecraft:cobweb":32,"minecraft:gold_ore":5,"minecraft:oak_leaves":3,"minecraft:deepslate":82,"minecraft:fern":5},"minecraft:dropped":{"minecraft:golden_boots":1,"minecraft:iron_sword":1,"minecraft:wheat_seeds":6,"minecraft:golden_helmet":2,"minecraft:feather":4,"minecraft:rail":2,"minecraft:torch":57,"minecraft:wooden_axe":1,"minecraft:jungle_door":3,"minecraft:iron_leggings":1,"minecraft:iron_axe":1,"minecraft:golden_chestplate":1,"minecraft:cobbled_deepslate":11,"minecraft:tuff":1,"minecraft:rotten_flesh":4,"minecraft:carrot":1,"minecraft:gunpowder":3,"minecraft:iron_chestplate":1,"minecraft:arrow":1,"minecraft:bow":1,"minecraft:wooden_pickaxe":1},"minecraft:killed":{"minecraft:armadillo":1,"minecraft:cave_spider":1,"minecraft:spider":11,"minecraft:skeleton":24,"minecraft:chicken":3,"minecraft:drowned":2,"minecraft:husk":1,"minecraft:pig":1,"minecraft:creeper":2,"minecraft:sheep":2,"minecraft:zombie":46,"minecraft:cow":22,"minecraft:enderman":3},"minecraft:custom":{"minecraft:mob_kills":128,"minecraft:interact_with_crafting_table":66,"minecraft:leave_game":3,"minecraft:time_since_death":179901,"minecraft:climb_one_cm":3677,"minecraft:sprint_one_cm":750617,"minecraft:walk_one_cm":371550,"minecraft:damage_blocked_by_shield":1597,"minecraft:drop":34,"minecraft:play_time":191775,"minecraft:deaths":1,"minecraft:sneak_time":27504,"minecraft:walk_under_water_one_cm":23997,"minecraft:boat_one_cm":119556,"minecraft:jump":4230,"minecraft:walk_on_water_one_cm":24953,"minecraft:total_world_time":191775,"minecraft:interact_with_furnace":39,"minecraft:sleep_in_bed":9,"minecraft:time_since_rest":5768,"minecraft:damage_taken":2128,"minecraft:damage_dealt":19801,"minecraft:swim_one_cm":133696,"minecraft:fly_one_cm":717661,"minecraft:open_chest":6,"minecraft:crouch_one_cm":73545,"minecraft:fall_one_cm":106378},"minecraft:crafted":{"minecraft:oak_planks":48,"minecraft:furnace":1,"minecraft:flint_and_steel":1,"minecraft:diamond_leggings":1,"minecraft:iron_boots":1,"minecraft:iron_axe":1,"minecraft:stone_pickaxe":3,"minecraft:red_dye":1,"minecraft:diamond_sword":1,"minecraft:crafting_table":2,"minecraft:wooden_pickaxe":2,"minecraft:iron_helmet":1,"minecraft:iron_sword":1,"minecraft:red_bed":1,"minecraft:bucket":1,"minecraft:stone_axe":3,"minecraft:acacia_boat":1,"minecraft:air":0,"minecraft:jungle_planks":36,"minecraft:oak_boat":1,"minecraft:jungle_door":3,"minecraft:white_wool":4,"minecraft:iron_chestplate":1,"minecraft:diamond_pickaxe":1,"minecraft:shield":1,"minecraft:stick":120,"minecraft:iron_ingot":78,"minecraft:iron_pickaxe":1,"minecraft:wooden_axe":2,"minecraft:iron_leggings":1,"minecraft:white_bed":2,"minecraft:acacia_planks":24,"minecraft:torch":356,"minecraft:diamond_chestplate":1},"minecraft:used":{"minecraft:flint_and_steel":46,"minecraft:shield":56,"minecraft:iron_sword":194,"minecraft:cooked_chicken":2,"minecraft:rotten_flesh":25,"minecraft:torch":331,"minecraft:dirt":12,"minecraft:jungle_planks":3,"minecraft:tuff":2,"minecraft:wooden_axe":24,"minecraft:lava_bucket":1,"minecraft:iron_axe":104,"minecraft:grass_block":1,"minecraft:furnace":7,"minecraft:cooked_beef":16,"minecraft:cooked_mutton":3,"minecraft:acacia_boat":8,"minecraft:water_bucket":26,"minecraft:stone_pickaxe":258,"minecraft:wooden_pickaxe":15,"minecraft:crafting_table":20,"minecraft:red_bed":3,"minecraft:white_bed":4,"minecraft:diamond_pickaxe":330,"minecraft:chicken":2,"minecraft:bread":1,"minecraft:melon_slice":49,"minecraft:iron_pickaxe":251,"minecraft:gravel":2,"minecraft:stone_axe":174,"minecraft:diamond_sword":45,"minecraft:cobblestone":38,"minecraft:cooked_porkchop":1,"minecraft:jungle_door":6,"minecraft:bucket":28,"minecraft:oak_boat":2},"minecraft:picked_up":{"minecraft:cocoa_beans":3,"minecraft:crafting_table":19,"minecraft:chicken":2,"minecraft:gold_block":2,"minecraft:red_bed":3,"minecraft:string":48,"minecraft:iron_axe":1,"minecraft:cobbled_deepslate":75,"minecraft:oak_boat":1,"minecraft:poppy":1,"minecraft:melon_slice":49,"minecraft:sugar_cane":44,"minecraft:furnace":7,"minecraft:golden_helmet":1,"minecraft:stick":10,"minecraft:raw_iron":137,"minecraft:jungle_door":9,"minecraft:torch":65,"minecraft:acacia_log":6,"minecraft:carrot":1,"minecraft:redstone":23,"minecraft:rotten_flesh":42,"minecraft:arrow":16,"minecraft:obsidian":3,"minecraft:mutton":3,"minecraft:rail":2,"minecraft:white_wool":2,"minecraft:cobblestone":195,"minecraft:feather":8,"minecraft:cooked_beef":54,"minecraft:jungle_log":9,"minecraft:leather":35,"minecraft:flint":1,"minecraft:tuff":3,"minecraft:oak_log":12,"minecraft:gunpowder":3,"minecraft:acacia_boat":8,"minecraft:lapis_lazuli":55,"minecraft:dirt":12,"minecraft:cooked_mutton":3,"minecraft:bone":27,"minecraft:bow":2,"minecraft:wheat_seeds":6,"minecraft:raw_gold":20,"minecraft:cooked_chicken":2,"minecraft:bamboo":25,"minecraft:oak_planks":50,"minecraft:cooked_porkchop":1,"minecraft:gravel":4,"minecraft:jungle_planks":3,"minecraft:white_bed":3,"minecraft:grass_block":1,"minecraft:spider_eye":3,"minecraft:diamond":24,"minecraft:coal":495,"minecraft:ender_pearl":3}},"DataVersion":3953}