{"stats":{"minecraft:dropped":{"minecraft:bread":1,"minecraft:wheat_seeds":7,"minecraft:cobblestone":8,"minecraft:granite":1,"minecraft:dirt":15,"minecraft:red_bed":1,"minecraft:diorite":6,"minecraft:torch":22,"minecraft:cooked_salmon":1,"minecraft:bone_meal":6,"minecraft:sand":37,"minecraft:iron_axe":1,"minecraft:red_dye":1,"minecraft:bucket":1,"minecraft:dandelion":1,"minecraft:bone":1,"minecraft:gravel":5,"minecraft:stone_axe":1,"minecraft:cobbled_deepslate":63,"minecraft:raw_copper":3,"minecraft:tuff":2,"minecraft:gunpowder":1,"minecraft:andesite":2,"minecraft:oak_sapling":1,"minecraft:ladder":64,"minecraft:sandstone":36,"minecraft:wooden_pickaxe":3,"minecraft:arrow":4,"minecraft:stone_pickaxe":4},"minecraft:custom":{"minecraft:mob_kills":52,"minecraft:interact_with_crafting_table":28,"minecraft:leave_game":4,"minecraft:time_since_death":182345,"minecraft:climb_one_cm":49457,"minecraft:sprint_one_cm":405954,"minecraft:walk_one_cm":478782,"minecraft:drop":44,"minecraft:play_time":188144,"minecraft:deaths":2,"minecraft:sneak_time":6035,"minecraft:walk_under_water_one_cm":101414,"minecraft:boat_one_cm":348382,"minecraft:jump":1964,"minecraft:interact_with_brewingstand":1,"minecraft:walk_on_water_one_cm":26608,"minecraft:total_world_time":188144,"minecraft:interact_with_furnace":52,"minecraft:interact_with_cartography_table":2,"minecraft:interact_with_stonecutter":1,"minecraft:sleep_in_bed":9,"minecraft:time_since_rest":24197,"minecraft:damage_taken":1460,"minecraft:damage_dealt":4539,"minecraft:swim_one_cm":82315,"minecraft:fly_one_cm":302446,"minecraft:open_chest":85,"minecraft:crouch_one_cm":4998,"minecraft:fall_one_cm":43157},"minecraft:crafted":{"minecraft:oak_planks":44,"minecraft:cooked_chicken":10,"minecraft:furnace":1,"minecraft:cooked_mutton":2,"minecraft:stone_pickaxe":6,"minecraft:chest":1,"minecraft:wheat":45,"minecraft:cooked_beef":23,"minecraft:red_dye":3,"minecraft:cooked_porkchop":5,"minecraft:crafting_table":1,"minecraft:wooden_pickaxe":2,"minecraft:red_bed":2,"minecraft:stone_axe":3,"minecraft:bread":15,"minecraft:acacia_boat":1,"minecraft:air":0,"minecraft:charcoal":29,"minecraft:diamond_pickaxe":1,"minecraft:stick":108,"minecraft:iron_ingot":2,"minecraft:gold_ingot":9,"minecraft:white_bed":1,"minecraft:acacia_planks":80},"minecraft:used":{"minecraft:chest":1,"minecraft:rotten_flesh":2,"minecraft:orange_bed":1,"minecraft:torch":61,"minecraft:dirt":6,"minecraft:tuff":101,"minecraft:dark_oak_planks":1,"minecraft:oak_sapling":1,"minecraft:furnace":1,"minecraft:egg":1,"minecraft:cooked_beef":4,"minecraft:cobbled_deepslate":77,"minecraft:acacia_boat":4,"minecraft:stone_pickaxe":600,"minecraft:cartography_table":2,"minecraft:wooden_pickaxe":71,"minecraft:sandstone":21,"minecraft:sugar_cane":20,"minecraft:sand":18,"minecraft:crafting_table":9,"minecraft:red_bed":3,"minecraft:iron_pickaxe":22,"minecraft:map":5,"minecraft:bread":2,"minecraft:melon_slice":11,"minecraft:gravel":5,"minecraft:stone_axe":272,"minecraft:cobblestone":13,"minecraft:porkchop":2,"minecraft:cooked_porkchop":3},"minecraft:broken":{"minecraft:wooden_pickaxe":1,"minecraft:stone_pickaxe":4,"minecraft:stone_axe":2},"minecraft:killed":{"minecraft:armadillo":1,"minecraft:chicken":13,"minecraft:drowned":1,"minecraft:pig":7,"minecraft:creeper":1,"minecraft:sheep":14,"minecraft:zombie":2,"minecraft:cow":13},"minecraft:picked_up":{"minecraft:crafting_table":9,"minecraft:chicken":12,"minecraft:ladder":64,"minecraft:wooden_pickaxe":1,"minecraft:brewing_stand":1,"minecraft:red_bed":2,"minecraft:raw_copper":3,"minecraft:iron_axe":1,"minecraft:cooked_salmon":1,"minecraft:cartography_table":2,"minecraft:cobbled_deepslate":348,"minecraft:bucket":1,"minecraft:beef":29,"minecraft:rose_bush":1,"minecraft:poppy":1,"minecraft:iron_pickaxe":1,"minecraft:chest":1,"minecraft:melon_slice":51,"minecraft:sugar_cane":93,"minecraft:egg":1,"minecraft:stick":37,"minecraft:raw_iron":4,"minecraft:sandstone":57,"minecraft:torch":101,"minecraft:acacia_log":20,"minecraft:porkchop":15,"minecraft:redstone":9,"minecraft:dark_oak_planks":1,"minecraft:orange_bed":2,"minecraft:arrow":4,"minecraft:rotten_flesh":2,"minecraft:hay_block":5,"minecraft:armadillo_scute":5,"minecraft:cobblestone":32,"minecraft:mutton":19,"minecraft:white_wool":14,"minecraft:feather":6,"minecraft:leather":10,"minecraft:tuff":101,"minecraft:oak_log":72,"minecraft:gunpowder":2,"minecraft:acacia_boat":3,"minecraft:lapis_lazuli":8,"minecraft:dirt":19,"minecraft:bone":1,"minecraft:wheat_seeds":25,"minecraft:raw_gold":5,"minecraft:stone_pickaxe":3,"minecraft:cooked_porkchop":2,"minecraft:pumpkin":2,"minecraft:dandelion":1,"minecraft:gravel":5,"minecraft:sand":183,"minecraft:diamond":10,"minecraft:stone_axe":1,"minecraft:bone_meal":6,"minecraft:bread":1,"minecraft:oak_sapling":1,"minecraft:melon_seeds":3,"minecraft:coal":86},"minecraft:mined":{"minecraft:dark_oak_planks":3,"minecraft:tuff":116,"minecraft:deepslate_diamond_ore":10,"minecraft:brewing_stand":1,"minecraft:acacia_log":21,"minecraft:grass_block":4,"minecraft:cartography_table":2,"minecraft:red_mushroom":1,"minecraft:sandstone":58,"minecraft:hay_block":5,"minecraft:iron_ore":2,"minecraft:cobbled_deepslate":10,"minecraft:pumpkin":2,"minecraft:deepslate_lapis_ore":1,"minecraft:deepslate_iron_ore":2,"minecraft:stone":35,"minecraft:orange_bed":2,"minecraft:deepslate_redstone_ore":2,"minecraft:acacia_leaves":5,"minecraft:red_bed":2,"minecraft:dandelion":1,"minecraft:crafting_table":9,"minecraft:torch":32,"minecraft:short_grass":41,"minecraft:poppy":2,"minecraft:melon":10,"minecraft:chest":1,"minecraft:dead_bush":41,"minecraft:rose_bush":1,"minecraft:tall_grass":3,"minecraft:copper_ore":1,"minecraft:deepslate_gold_ore":5,"minecraft:sugar_cane":46,"minecraft:wall_torch":22,"minecraft:dark_oak_slab":1,"minecraft:wheat":4,"minecraft:birch_leaves":1,"minecraft:oak_log":72,"minecraft:coal_ore":86,"minecraft:gravel":4,"minecraft:sand":101,"minecraft:dirt":5,"minecraft:oak_leaves":4,"minecraft:deepslate":344}},"DataVersion":3953}