{"stats":{"minecraft:dropped":{"minecraft:bread":1,"minecraft:wheat_seeds":7,"minecraft:cobblestone":8,"minecraft:granite":1,"minecraft:dirt":15,"minecraft:red_bed":1,"minecraft:diorite":6,"minecraft:torch":22,"minecraft:cooked_salmon":1,"minecraft:bone_meal":6,"minecraft:iron_axe":1,"minecraft:sand":11,"minecraft:bucket":1,"minecraft:bone":1,"minecraft:dandelion":1,"minecraft:gravel":5,"minecraft:stone_axe":1,"minecraft:cobbled_deepslate":63,"minecraft:raw_copper":3,"minecraft:tuff":2,"minecraft:gunpowder":1,"minecraft:andesite":2,"minecraft:ladder":64,"minecraft:oak_sapling":1,"minecraft:arrow":4,"minecraft:wooden_pickaxe":1,"minecraft:stone_pickaxe":4},"minecraft:custom":{"minecraft:mob_kills":42,"minecraft:interact_with_crafting_table":26,"minecraft:leave_game":3,"minecraft:time_since_death":160137,"minecraft:climb_one_cm":49457,"minecraft:sprint_one_cm":357969,"minecraft:walk_one_cm":425126,"minecraft:drop":39,"minecraft:play_time":165936,"minecraft:deaths":2,"minecraft:sneak_time":5983,"minecraft:walk_under_water_one_cm":100974,"minecraft:boat_one_cm":184625,"minecraft:jump":1578,"minecraft:interact_with_brewingstand":1,"minecraft:walk_on_water_one_cm":24585,"minecraft:total_world_time":165936,"minecraft:interact_with_furnace":52,"minecraft:interact_with_cartography_table":2,"minecraft:interact_with_stonecutter":1,"minecraft:sleep_in_bed":9,"minecraft:time_since_rest":1989,"minecraft:damage_taken":1450,"minecraft:damage_dealt":3518,"minecraft:swim_one_cm":81452,"minecraft:fly_one_cm":247496,"minecraft:open_chest":84,"minecraft:crouch_one_cm":4903,"minecraft:fall_one_cm":39627},"minecraft:crafted":{"minecraft:oak_planks":44,"minecraft:cooked_chicken":10,"minecraft:furnace":1,"minecraft:cooked_mutton":2,"minecraft:stone_pickaxe":5,"minecraft:chest":1,"minecraft:wheat":45,"minecraft:cooked_beef":23,"minecraft:red_dye":3,"minecraft:cooked_porkchop":5,"minecraft:crafting_table":1,"minecraft:wooden_pickaxe":1,"minecraft:red_bed":2,"minecraft:stone_axe":3,"minecraft:bread":15,"minecraft:acacia_boat":1,"minecraft:air":0,"minecraft:charcoal":29,"minecraft:diamond_pickaxe":1,"minecraft:stick":108,"minecraft:iron_ingot":2,"minecraft:gold_ingot":9,"minecraft:white_bed":1,"minecraft:acacia_planks":60},"minecraft:used":{"minecraft:chest":1,"minecraft:rotten_flesh":2,"minecraft:orange_bed":1,"minecraft:torch":24,"minecraft:dirt":6,"minecraft:tuff":101,"minecraft:dark_oak_planks":1,"minecraft:furnace":1,"minecraft:oak_sapling":1,"minecraft:egg":1,"minecraft:cooked_beef":4,"minecraft:cobbled_deepslate":77,"minecraft:acacia_boat":3,"minecraft:stone_pickaxe":593,"minecraft:cartography_table":2,"minecraft:wooden_pickaxe":14,"minecraft:sugar_cane":20,"minecraft:sand":13,"minecraft:crafting_table":8,"minecraft:red_bed":3,"minecraft:melon_slice":7,"minecraft:bread":2,"minecraft:iron_pickaxe":22,"minecraft:map":3,"minecraft:gravel":5,"minecraft:stone_axe":240,"minecraft:cobblestone":13,"minecraft:cooked_porkchop":3,"minecraft:porkchop":2},"minecraft:broken":{"minecraft:stone_pickaxe":4,"minecraft:stone_axe":2},"minecraft:killed":{"minecraft:armadillo":1,"minecraft:chicken":11,"minecraft:pig":7,"minecraft:creeper":1,"minecraft:sheep":11,"minecraft:zombie":1,"minecraft:cow":10},"minecraft:picked_up":{"minecraft:crafting_table":8,"minecraft:chicken":10,"minecraft:ladder":64,"minecraft:brewing_stand":1,"minecraft:red_bed":2,"minecraft:cooked_salmon":1,"minecraft:iron_axe":1,"minecraft:raw_copper":3,"minecraft:cartography_table":2,"minecraft:cobbled_deepslate":348,"minecraft:bucket":1,"minecraft:beef":23,"minecraft:rose_bush":1,"minecraft:iron_pickaxe":1,"minecraft:poppy":1,"minecraft:melon_slice":51,"minecraft:sugar_cane":78,"minecraft:chest":1,"minecraft:egg":1,"minecraft:stick":37,"minecraft:raw_iron":2,"minecraft:torch":65,"minecraft:acacia_log":15,"minecraft:porkchop":15,"minecraft:redstone":9,"minecraft:dark_oak_planks":1,"minecraft:orange_bed":2,"minecraft:arrow":4,"minecraft:rotten_flesh":2,"minecraft:hay_block":5,"minecraft:armadillo_scute":4,"minecraft:mutton":15,"minecraft:cobblestone":29,"minecraft:white_wool":11,"minecraft:feather":6,"minecraft:leather":8,"minecraft:tuff":101,"minecraft:oak_log":72,"minecraft:gunpowder":2,"minecraft:acacia_boat":2,"minecraft:lapis_lazuli":8,"minecraft:dirt":19,"minecraft:bone":1,"minecraft:wheat_seeds":25,"minecraft:raw_gold":5,"minecraft:stone_pickaxe":3,"minecraft:cooked_porkchop":2,"minecraft:pumpkin":2,"minecraft:dandelion":1,"minecraft:sand":36,"minecraft:gravel":5,"minecraft:diamond":10,"minecraft:stone_axe":1,"minecraft:bone_meal":6,"minecraft:bread":1,"minecraft:oak_sapling":1,"minecraft:melon_seeds":3,"minecraft:coal":85},"minecraft:mined":{"minecraft:dark_oak_planks":3,"minecraft:tuff":116,"minecraft:deepslate_diamond_ore":10,"minecraft:brewing_stand":1,"minecraft:acacia_log":16,"minecraft:grass_block":4,"minecraft:cartography_table":2,"minecraft:red_mushroom":1,"minecraft:hay_block":5,"minecraft:cobbled_deepslate":10,"minecraft:pumpkin":2,"minecraft:deepslate_lapis_ore":1,"minecraft:deepslate_iron_ore":2,"minecraft:stone":32,"minecraft:orange_bed":2,"minecraft:deepslate_redstone_ore":2,"minecraft:acacia_leaves":5,"minecraft:red_bed":2,"minecraft:dandelion":1,"minecraft:crafting_table":8,"minecraft:torch":1,"minecraft:short_grass":37,"minecraft:poppy":2,"minecraft:melon":10,"minecraft:chest":1,"minecraft:dead_bush":41,"minecraft:rose_bush":1,"minecraft:tall_grass":2,"minecraft:copper_ore":1,"minecraft:deepslate_gold_ore":5,"minecraft:sugar_cane":40,"minecraft:wall_torch":19,"minecraft:dark_oak_slab":1,"minecraft:wheat":4,"minecraft:birch_leaves":1,"minecraft:oak_log":72,"minecraft:coal_ore":86,"minecraft:gravel":4,"minecraft:sand":35,"minecraft:dirt":5,"minecraft:oak_leaves":4,"minecraft:deepslate":344}},"DataVersion":3953}