{"stats":{"minecraft:dropped":{"minecraft:gravel":5,"minecraft:stone_axe":1,"minecraft:wheat_seeds":7,"minecraft:cobbled_deepslate":5,"minecraft:raw_copper":3,"minecraft:tuff":2,"minecraft:cobblestone":6,"minecraft:granite":1,"minecraft:dirt":13,"minecraft:red_bed":1,"minecraft:diorite":6,"minecraft:torch":9,"minecraft:andesite":2,"minecraft:oak_sapling":1,"minecraft:sand":11,"minecraft:dandelion":1},"minecraft:custom":{"minecraft:interact_with_furnace":44,"minecraft:mob_kills":42,"minecraft:interact_with_crafting_table":23,"minecraft:interact_with_cartography_table":2,"minecraft:interact_with_stonecutter":1,"minecraft:leave_game":3,"minecraft:time_since_death":124484,"minecraft:sleep_in_bed":4,"minecraft:climb_one_cm":47442,"minecraft:time_since_rest":23480,"minecraft:sprint_one_cm":352726,"minecraft:damage_taken":1290,"minecraft:walk_one_cm":394578,"minecraft:drop":21,"minecraft:damage_dealt":3435,"minecraft:swim_one_cm":81452,"minecraft:fly_one_cm":241055,"minecraft:open_chest":53,"minecraft:crouch_one_cm":3528,"minecraft:play_time":130283,"minecraft:deaths":2,"minecraft:sneak_time":3557,"minecraft:walk_under_water_one_cm":23517,"minecraft:boat_one_cm":21603,"minecraft:interact_with_brewingstand":1,"minecraft:jump":1472,"minecraft:walk_on_water_one_cm":19648,"minecraft:fall_one_cm":37767,"minecraft:total_world_time":130283},"minecraft:crafted":{"minecraft:cooked_beef":23,"minecraft:red_dye":3,"minecraft:oak_planks":44,"minecraft:crafting_table":1,"minecraft:wooden_pickaxe":1,"minecraft:cooked_chicken":9,"minecraft:red_bed":2,"minecraft:furnace":1,"minecraft:stone_axe":2,"minecraft:acacia_boat":1,"minecraft:bread":15,"minecraft:air":0,"minecraft:diamond_pickaxe":1,"minecraft:charcoal":29,"minecraft:stick":72,"minecraft:iron_ingot":2,"minecraft:stone_pickaxe":5,"minecraft:chest":1,"minecraft:gold_ingot":9,"minecraft:white_bed":1,"minecraft:acacia_planks":60,"minecraft:wheat":45},"minecraft:used":{"minecraft:stone_pickaxe":593,"minecraft:cartography_table":2,"minecraft:chest":1,"minecraft:wooden_pickaxe":14,"minecraft:rotten_flesh":2,"minecraft:orange_bed":1,"minecraft:torch":24,"minecraft:dirt":2,"minecraft:sand":13,"minecraft:red_bed":2,"minecraft:crafting_table":8,"minecraft:tuff":101,"minecraft:dark_oak_planks":1,"minecraft:bread":2,"minecraft:melon_slice":3,"minecraft:iron_pickaxe":22,"minecraft:map":3,"minecraft:gravel":5,"minecraft:stone_axe":219,"minecraft:cobblestone":13,"minecraft:furnace":1,"minecraft:oak_sapling":1,"minecraft:cooked_porkchop":2,"minecraft:egg":1,"minecraft:cooked_beef":4,"minecraft:cobbled_deepslate":77},"minecraft:killed":{"minecraft:armadillo":1,"minecraft:pig":7,"minecraft:creeper":1,"minecraft:sheep":11,"minecraft:zombie":1,"minecraft:chicken":11,"minecraft:cow":10},"minecraft:picked_up":{"minecraft:crafting_table":7,"minecraft:feather":6,"minecraft:chicken":10,"minecraft:leather":8,"minecraft:tuff":101,"minecraft:oak_log":72,"minecraft:brewing_stand":1,"minecraft:gunpowder":2,"minecraft:lapis_lazuli":8,"minecraft:dirt":13,"minecraft:red_bed":1,"minecraft:raw_copper":3,"minecraft:wheat_seeds":25,"minecraft:cartography_table":2,"minecraft:cobbled_deepslate":348,"minecraft:raw_gold":5,"minecraft:beef":23,"minecraft:rose_bush":1,"minecraft:poppy":1,"minecraft:iron_pickaxe":1,"minecraft:melon_slice":51,"minecraft:sugar_cane":30,"minecraft:egg":1,"minecraft:stick":37,"minecraft:raw_iron":2,"minecraft:cooked_porkchop":2,"minecraft:pumpkin":2,"minecraft:torch":44,"minecraft:acacia_log":15,"minecraft:dandelion":1,"minecraft:gravel":5,"minecraft:porkchop":15,"minecraft:sand":35,"minecraft:redstone":9,"minecraft:dark_oak_planks":1,"minecraft:orange_bed":2,"minecraft:rotten_flesh":2,"minecraft:diamond":10,"minecraft:stone_axe":1,"minecraft:hay_block":5,"minecraft:armadillo_scute":4,"minecraft:oak_sapling":1,"minecraft:melon_seeds":3,"minecraft:mutton":15,"minecraft:coal":85,"minecraft:white_wool":11,"minecraft:cobblestone":27},"minecraft:broken":{"minecraft:stone_pickaxe":4,"minecraft:stone_axe":1},"minecraft:mined":{"minecraft:dark_oak_planks":3,"minecraft:deepslate_redstone_ore":2,"minecraft:acacia_leaves":5,"minecraft:tuff":116,"minecraft:red_bed":1,"minecraft:deepslate_diamond_ore":10,"minecraft:dandelion":1,"minecraft:brewing_stand":1,"minecraft:torch":1,"minecraft:crafting_table":7,"minecraft:short_grass":37,"minecraft:acacia_log":16,"minecraft:grass_block":1,"minecraft:poppy":2,"minecraft:melon":10,"minecraft:rose_bush":1,"minecraft:dead_bush":41,"minecraft:copper_ore":1,"minecraft:tall_grass":2,"minecraft:deepslate_gold_ore":5,"minecraft:red_mushroom":1,"minecraft:sugar_cane":14,"minecraft:cartography_table":2,"minecraft:wall_torch":19,"minecraft:hay_block":5,"minecraft:dark_oak_slab":1,"minecraft:cobbled_deepslate":10,"minecraft:wheat":4,"minecraft:birch_leaves":1,"minecraft:pumpkin":2,"minecraft:deepslate_lapis_ore":1,"minecraft:coal_ore":86,"minecraft:oak_log":72,"minecraft:deepslate_iron_ore":2,"minecraft:gravel":4,"minecraft:sand":35,"minecraft:dirt":4,"minecraft:stone":32,"minecraft:oak_leaves":4,"minecraft:deepslate":344,"minecraft:orange_bed":2}},"DataVersion":3953}