{"stats":{"minecraft:broken":{"minecraft:stone_pickaxe":1},"minecraft:killed_by":{"minecraft:player":1},"minecraft:mined":{"minecraft:nether_gold_ore":51,"minecraft:crafting_table":3,"minecraft:short_grass":4,"minecraft:acacia_log":5,"minecraft:tall_grass":2,"minecraft:cobblestone":3,"minecraft:sugar_cane":2,"minecraft:weeping_vines_plant":1,"minecraft:furnace":4,"minecraft:iron_ore":3,"minecraft:fire":9,"minecraft:oak_log":10,"minecraft:coal_ore":9,"minecraft:gravel":5,"minecraft:stone":49,"minecraft:netherrack":15,"minecraft:oak_leaves":1},"minecraft:dropped":{"minecraft:gravel":8,"minecraft:wooden_pickaxe":2},"minecraft:killed":{"minecraft:spider":1,"minecraft:creeper":1,"minecraft:zombie":3,"minecraft:chicken":1},"minecraft:custom":{"minecraft:interact_with_furnace":14,"minecraft:mob_kills":6,"minecraft:interact_with_crafting_table":15,"minecraft:leave_game":1,"minecraft:time_since_death":20315,"minecraft:time_since_rest":20349,"minecraft:sprint_one_cm":76828,"minecraft:damage_taken":415,"minecraft:walk_one_cm":72483,"minecraft:drop":4,"minecraft:damage_dealt":1201,"minecraft:swim_one_cm":7622,"minecraft:fly_one_cm":113886,"minecraft:crouch_one_cm":6306,"minecraft:play_time":23241,"minecraft:deaths":1,"minecraft:sneak_time":2451,"minecraft:walk_under_water_one_cm":293,"minecraft:jump":591,"minecraft:walk_on_water_one_cm":1175,"minecraft:total_world_time":23241,"minecraft:fall_one_cm":14669},"minecraft:crafted":{"minecraft:oak_planks":20,"minecraft:golden_chestplate":1,"minecraft:crafting_table":3,"minecraft:wooden_pickaxe":1,"minecraft:cooked_chicken":1,"minecraft:furnace":2,"minecraft:bucket":1,"minecraft:stone_axe":1,"minecraft:air":0,"minecraft:flint_and_steel":1,"minecraft:golden_leggings":1,"minecraft:stick":8,"minecraft:iron_ingot":2,"minecraft:stone_pickaxe":1,"minecraft:stone_sword":1,"minecraft:gold_ingot":22,"minecraft:acacia_planks":20,"minecraft:golden_helmet":1},"minecraft:used":{"minecraft:water_bucket":26,"minecraft:stone_sword":20,"minecraft:flint_and_steel":2,"minecraft:stone_pickaxe":132,"minecraft:wooden_pickaxe":3,"minecraft:cooked_chicken":1,"minecraft:rotten_flesh":2,"minecraft:netherrack":13,"minecraft:crafting_table":6,"minecraft:golden_chestplate":1,"minecraft:obsidian":10,"minecraft:lava_bucket":8,"minecraft:golden_leggings":1,"minecraft:golden_helmet":1,"minecraft:stone_axe":18,"minecraft:cobblestone":14,"minecraft:furnace":4,"minecraft:bucket":35},"minecraft:picked_up":{"minecraft:crafting_table":3,"minecraft:feather":2,"minecraft:chicken":1,"minecraft:wooden_pickaxe":2,"minecraft:flint":1,"minecraft:oak_log":10,"minecraft:gunpowder":2,"minecraft:acacia_planks":13,"minecraft:gold_nugget":203,"minecraft:stone_pickaxe":1,"minecraft:iron_ingot":2,"minecraft:sugar_cane":2,"minecraft:furnace":4,"minecraft:raw_iron":3,"minecraft:acacia_log":5,"minecraft:gravel":8,"minecraft:stone_sword":1,"minecraft:rotten_flesh":2,"minecraft:stone_axe":1,"minecraft:netherrack":15,"minecraft:coal":17,"minecraft:cobblestone":51}},"DataVersion":3953}