{"stats":{"minecraft:killed_by":{"minecraft:player":1},"minecraft:dropped":{"minecraft:gravel":8,"minecraft:wooden_pickaxe":2},"minecraft:broken":{"minecraft:stone_pickaxe":1},"minecraft:used":{"minecraft:water_bucket":47,"minecraft:stone_sword":43,"minecraft:flint_and_steel":2,"minecraft:stone_pickaxe":201,"minecraft:wooden_pickaxe":3,"minecraft:cooked_chicken":1,"minecraft:rotten_flesh":2,"minecraft:netherrack":13,"minecraft:crafting_table":10,"minecraft:golden_chestplate":1,"minecraft:obsidian":10,"minecraft:lava_bucket":8,"minecraft:golden_leggings":1,"minecraft:golden_helmet":1,"minecraft:stone_axe":73,"minecraft:cobblestone":14,"minecraft:furnace":5,"minecraft:oak_sapling":2,"minecraft:bucket":56,"minecraft:cooked_beef":8,"minecraft:acacia_planks":2},"minecraft:custom":{"minecraft:interact_with_furnace":18,"minecraft:mob_kills":28,"minecraft:interact_with_crafting_table":21,"minecraft:leave_game":2,"minecraft:time_since_death":46180,"minecraft:climb_one_cm":2551,"minecraft:time_since_rest":46214,"minecraft:sprint_one_cm":172772,"minecraft:damage_taken":594,"minecraft:walk_one_cm":96149,"minecraft:drop":4,"minecraft:damage_dealt":3681,"minecraft:swim_one_cm":30500,"minecraft:fly_one_cm":302847,"minecraft:open_chest":1,"minecraft:crouch_one_cm":10929,"minecraft:play_time":49106,"minecraft:deaths":1,"minecraft:sneak_time":4255,"minecraft:walk_under_water_one_cm":2598,"minecraft:jump":1491,"minecraft:walk_on_water_one_cm":8979,"minecraft:total_world_time":49106,"minecraft:fall_one_cm":36808},"minecraft:mined":{"minecraft:nether_gold_ore":51,"minecraft:crafting_table":6,"minecraft:short_grass":7,"minecraft:acacia_log":5,"minecraft:melon":3,"minecraft:tall_grass":2,"minecraft:cobblestone":3,"minecraft:sugar_cane":11,"minecraft:weeping_vines_plant":1,"minecraft:furnace":5,"minecraft:iron_ore":6,"minecraft:fire":9,"minecraft:birch_leaves":2,"minecraft:oak_log":38,"minecraft:coal_ore":65,"minecraft:gravel":5,"minecraft:stone":58,"minecraft:netherrack":15,"minecraft:oak_leaves":13},"minecraft:picked_up":{"minecraft:crafting_table":5,"minecraft:feather":2,"minecraft:chicken":1,"minecraft:leather":5,"minecraft:wooden_pickaxe":2,"minecraft:flint":1,"minecraft:oak_log":38,"minecraft:gunpowder":2,"minecraft:bone":3,"minecraft:acacia_planks":13,"minecraft:gold_nugget":203,"minecraft:stone_pickaxe":1,"minecraft:iron_ingot":2,"minecraft:beef":14,"minecraft:melon_slice":14,"minecraft:sugar_cane":12,"minecraft:oak_planks":62,"minecraft:furnace":5,"minecraft:raw_iron":6,"minecraft:acacia_log":5,"minecraft:gravel":8,"minecraft:porkchop":12,"minecraft:stone_sword":1,"minecraft:arrow":4,"minecraft:rotten_flesh":2,"minecraft:stone_axe":1,"minecraft:oak_sapling":2,"minecraft:netherrack":15,"minecraft:mutton":8,"minecraft:coal":73,"minecraft:white_wool":6,"minecraft:cobblestone":60},"minecraft:crafted":{"minecraft:oak_planks":152,"minecraft:golden_chestplate":1,"minecraft:crafting_table":5,"minecraft:wooden_pickaxe":1,"minecraft:cooked_chicken":1,"minecraft:furnace":2,"minecraft:bucket":1,"minecraft:stone_axe":1,"minecraft:air":0,"minecraft:flint_and_steel":1,"minecraft:golden_leggings":1,"minecraft:shield":1,"minecraft:stick":12,"minecraft:iron_ingot":7,"minecraft:stone_pickaxe":2,"minecraft:stone_sword":1,"minecraft:gold_ingot":22,"minecraft:acacia_planks":20,"minecraft:golden_helmet":1},"minecraft:killed":{"minecraft:pig":7,"minecraft:spider":1,"minecraft:creeper":2,"minecraft:sheep":6,"minecraft:skeleton":3,"minecraft:zombie":3,"minecraft:chicken":1,"minecraft:cow":5}},"DataVersion":3953}