{"stats":{"minecraft:picked_up":{"minecraft:wooden_axe":3,"minecraft:iron_chestplate":2,"minecraft:prismarine_shard":2,"minecraft:stone_slab":33,"minecraft:bee_spawn_egg":1,"minecraft:oak_stairs":1,"minecraft:brown_bed":2,"minecraft:potion":1,"minecraft:stone_brick_stairs":3,"minecraft:cod_bucket":1,"minecraft:string":8,"minecraft:raw_copper":133,"minecraft:cobbled_deepslate":37,"minecraft:bucket":2,"minecraft:spruce_planks":3,"minecraft:cobblestone_slab":364,"minecraft:iron_pickaxe":2,"minecraft:iron_boots":3,"minecraft:furnace":1,"minecraft:golden_helmet":1,"minecraft:spruce_pressure_plate":1,"minecraft:stick":32,"minecraft:torch":23,"minecraft:porkchop":1,"minecraft:stone_sword":1,"minecraft:cactus":2,"minecraft:rotten_flesh":32,"minecraft:obsidian":6,"minecraft:cobblestone":652,"minecraft:jungle_log":6,"minecraft:potato":28,"minecraft:flint":1,"minecraft:lapis_lazuli":26,"minecraft:dirt":75,"minecraft:leather_boots":1,"minecraft:bone":16,"minecraft:bow":1,"minecraft:orange_tulip":1,"minecraft:wheat_seeds":16,"minecraft:raw_gold":18,"minecraft:moss_block":15,"minecraft:oak_planks":1,"minecraft:stone_hoe":1,"minecraft:dead_bush":2,"minecraft:barrel":1,"minecraft:red_terracotta":3,"minecraft:chiseled_sandstone":13,"minecraft:jungle_slab":24,"minecraft:diamond":12,"minecraft:crossbow":2,"minecraft:golden_apple":2,"minecraft:emerald":15,"minecraft:oak_sapling":2,"minecraft:netherrack":4,"minecraft:end_stone_bricks":4,"minecraft:charcoal":2,"minecraft:allium":1,"minecraft:ladder":1,"minecraft:shield":1,"minecraft:brick":8,"minecraft:stone_stairs":11,"minecraft:flint_and_steel":2,"minecraft:item_frame":4,"minecraft:blue_orchid":1,"minecraft:cracked_stone_bricks":1,"minecraft:beef":1,"minecraft:jungle_sapling":7,"minecraft:poppy":3,"minecraft:lectern":25,"minecraft:tinted_glass":15,"minecraft:chest":1,"minecraft:egg":2,"minecraft:dark_oak_sapling":3,"minecraft:sandstone":15,"minecraft:raw_iron":55,"minecraft:bowl":1,"minecraft:carrot":88,"minecraft:stone_pressure_plate":1,"minecraft:dark_oak_planks":1,"minecraft:smooth_sandstone_slab":1,"minecraft:tnt":10,"minecraft:stone_shovel":1,"minecraft:arrow":24,"minecraft:decorated_pot":1,"minecraft:totem_of_undying":2,"minecraft:gold_ingot":6,"minecraft:mutton":1,"minecraft:wet_sponge":1,"minecraft:stripped_oak_log":2,"minecraft:filled_map":1,"minecraft:mushroom_stew":3,"minecraft:oak_log":10,"minecraft:golden_boots":1,"minecraft:gunpowder":5,"minecraft:deepslate_tile_slab":1,"minecraft:red_carpet":2,"minecraft:coast_armor_trim_smithing_template":1,"minecraft:stone_bricks":3,"minecraft:stone_pickaxe":2,"minecraft:iron_sword":1,"minecraft:oak_slab":1,"minecraft:pumpkin":2,"minecraft:brush":1,"minecraft:stone_brick_slab":2,"minecraft:gravel":5,"minecraft:crying_obsidian":2,"minecraft:spider_eye":2,"minecraft:leather_helmet":3,"minecraft:oak_wood":17,"minecraft:slime_ball":11,"minecraft:stone_axe":1,"minecraft:short_grass":4,"minecraft:iron_helmet":2,"minecraft:oak_button":1,"minecraft:terracotta":2,"minecraft:coal":87,"minecraft:warped_nylium":1,"minecraft:end_stone_brick_slab":3,"minecraft:ender_pearl":1},"minecraft:used":{"minecraft:moss_block":15,"minecraft:poppy":2,"minecraft:ladder":1,"minecraft:decorated_pot":1,"minecraft:chest":6,"minecraft:iron_sword":39,"minecraft:rotten_flesh":32,"minecraft:iron_chestplate":3,"minecraft:carrot":79,"minecraft:jungle_slab":96,"minecraft:deepslate_tile_slab":1,"minecraft:obsidian":5,"minecraft:lava_bucket":2,"minecraft:wet_sponge":1,"minecraft:iron_helmet":2,"minecraft:stone_brick_stairs":3,"minecraft:stone_bricks":3,"minecraft:item_frame":2,"minecraft:slime_spawn_egg":3,"minecraft:red_carpet":2,"minecraft:furnace":3,"minecraft:oak_sapling":2,"minecraft:egg":15,"minecraft:potato":28,"minecraft:short_grass":2,"minecraft:leather_leggings":1,"minecraft:stone_pickaxe":403,"minecraft:cactus":2,"minecraft:leather_chestplate":1,"minecraft:wooden_pickaxe":27,"minecraft:sandstone":7,"minecraft:end_stone_brick_slab":3,"minecraft:sand":9,"minecraft:mushroom_stew":21,"minecraft:crossbow":35,"minecraft:firework_rocket":1,"minecraft:chiseled_sandstone":13,"minecraft:string":1,"minecraft:lectern":25,"minecraft:gravel":6,"minecraft:cat_spawn_egg":1,"minecraft:wooden_sword":17,"minecraft:ice":2,"minecraft:bone_meal":33,"minecraft:stone_sword":232,"minecraft:flint_and_steel":2,"minecraft:spruce_planks":3,"minecraft:tinted_glass":5,"minecraft:stone_hoe":48,"minecraft:netherrack":4,"minecraft:torch":103,"minecraft:dirt":60,"minecraft:stone_stairs":15,"minecraft:dark_oak_planks":1,"minecraft:stone_brick_slab":2,"minecraft:wooden_axe":36,"minecraft:oak_stairs":1,"minecraft:iron_boots":3,"minecraft:diamond_chestplate":1,"minecraft:stone_pressure_plate":1,"minecraft:cooked_beef":6,"minecraft:cobbled_deepslate":3,"minecraft:brown_bed":2,"minecraft:water_bucket":19,"minecraft:cobblestone_slab":1853,"minecraft:leather_boots":1,"minecraft:cracked_stone_bricks":1,"minecraft:terracotta":2,"minecraft:tnt":1,"minecraft:oak_slab":6,"minecraft:crafting_table":3,"minecraft:diamond_pickaxe":21,"minecraft:wind_charge":4,"minecraft:oak_button":1,"minecraft:iron_pickaxe":692,"minecraft:leather_helmet":4,"minecraft:stone_slab":10,"minecraft:stone_axe":62,"minecraft:cobblestone":14,"minecraft:bucket":23,"minecraft:splash_potion":3},"minecraft:custom":{"minecraft:interact_with_crafting_table":51,"minecraft:open_barrel":18,"minecraft:eat_cake_slice":2,"minecraft:leave_game":6,"minecraft:time_since_death":114299,"minecraft:sprint_one_cm":952648,"minecraft:drop":39,"minecraft:talked_to_villager":65,"minecraft:play_time":351545,"minecraft:deaths":22,"minecraft:jump":6986,"minecraft:interact_with_brewingstand":2,"minecraft:walk_on_water_one_cm":21642,"minecraft:interact_with_furnace":18,"minecraft:traded_with_villager":11,"minecraft:sleep_in_bed":9,"minecraft:damage_dealt":17809,"minecraft:interact_with_beacon":1,"minecraft:crouch_one_cm":223241,"minecraft:horse_one_cm":2616,"minecraft:mob_kills":91,"minecraft:inspect_hopper":1,"minecraft:damage_dealt_resisted":635,"minecraft:climb_one_cm":11133,"minecraft:walk_one_cm":389907,"minecraft:damage_dealt_absorbed":47,"minecraft:sneak_time":61987,"minecraft:walk_under_water_one_cm":15362,"minecraft:interact_with_lectern":2,"minecraft:interact_with_blast_furnace":13,"minecraft:total_world_time":351545,"minecraft:time_since_rest":5321,"minecraft:damage_taken":7564,"minecraft:swim_one_cm":36239,"minecraft:fly_one_cm":2308364,"minecraft:open_chest":269,"minecraft:fall_one_cm":83532},"minecraft:crafted":{"minecraft:oak_planks":116,"minecraft:cobblestone_slab":1698,"minecraft:chest":3,"minecraft:bricks":2,"minecraft:slime_spawn_egg":4,"minecraft:stone_hoe":1,"minecraft:oak_slab":6,"minecraft:crafting_table":3,"minecraft:gravel":1,"minecraft:wooden_pickaxe":2,"minecraft:copper_ingot":64,"minecraft:diamond_pickaxe":1,"minecraft:stick":24,"minecraft:leather_chestplate":1,"minecraft:iron_ingot":13,"minecraft:iron_pickaxe":2,"minecraft:stone_sword":2,"minecraft:stone_shovel":1,"minecraft:furnace":2,"minecraft:bone_meal":33,"minecraft:waxed_weathered_copper":2,"minecraft:flint_and_steel":1,"minecraft:stone_pickaxe":4,"minecraft:crossbow":1,"minecraft:bowl":4,"minecraft:bucket":1,"minecraft:jungle_slab":72,"minecraft:jungle_planks":24,"minecraft:wooden_axe":2,"minecraft:torch":40,"minecraft:firework_rocket":1},"minecraft:mined":{"minecraft:dark_oak_planks":1,"minecraft:stone_pressure_plate":1,"minecraft:spruce_planks":3,"minecraft:sculk_vein":1,"minecraft:obsidian":6,"minecraft:grass_block":36,"minecraft:spawner":1,"minecraft:iron_ore":55,"minecraft:fire":1,"minecraft:barrel":1,"minecraft:pumpkin":1,"minecraft:brown_bed":2,"minecraft:oak_stairs":1,"minecraft:spruce_pressure_plate":1,"minecraft:end_stone_bricks":4,"minecraft:crimson_nylium":1,"minecraft:deepslate_tile_slab":1,"minecraft:torch":4,"minecraft:end_stone_brick_slab":3,"minecraft:poppy":1,"minecraft:dead_bush":2,"minecraft:cobblestone":95,"minecraft:oak_planks":1,"minecraft:smooth_sandstone_slab":1,"minecraft:wall_torch":1,"minecraft:seagrass":4,"minecraft:stone_stairs":11,"minecraft:warped_nylium":1,"minecraft:tinted_glass":15,"minecraft:tnt":10,"minecraft:stone_brick_stairs":3,"minecraft:oak_log":10,"minecraft:dirt":28,"minecraft:netherrack":2,"minecraft:oak_leaves":10,"minecraft:deepslate":37,"minecraft:diamond_ore":14,"minecraft:crying_obsidian":2,"minecraft:red_carpet":1,"minecraft:decorated_pot":3,"minecraft:spruce_leaves":1,"minecraft:moss_block":15,"minecraft:sandstone":17,"minecraft:dead_brain_coral":1,"minecraft:furnace":1,"minecraft:carrots":24,"minecraft:chiseled_sandstone":13,"minecraft:potatoes":7,"minecraft:cobblestone_slab":23,"minecraft:vine":8,"minecraft:stripped_oak_log":2,"minecraft:stone":649,"minecraft:oak_slab":1,"minecraft:stone_brick_slab":2,"minecraft:short_grass":6,"minecraft:dead_tube_coral_wall_fan":2,"minecraft:oak_wood":17,"minecraft:lectern":25,"minecraft:campfire":1,"minecraft:stone_slab":33,"minecraft:tall_grass":6,"minecraft:copper_ore":37,"minecraft:lapis_ore":5,"minecraft:sculk":3,"minecraft:ice":3,"minecraft:coal_ore":87,"minecraft:gravel":6,"minecraft:cobweb":1,"minecraft:cracked_stone_bricks":1,"minecraft:stone_bricks":3,"minecraft:gold_ore":18,"minecraft:infested_stone":12},"minecraft:dropped":{"minecraft:iron_sword":1,"minecraft:short_grass":2,"minecraft:crossbow":1,"minecraft:leather_helmet":1,"minecraft:dirt":15,"minecraft:jungle_sapling":4,"minecraft:iron_pickaxe":1,"minecraft:bone":15,"minecraft:rotten_flesh":1,"minecraft:leather_chestplate":1,"minecraft:gunpowder":1,"minecraft:crying_obsidian":2,"minecraft:egg":2,"minecraft:stone_hoe":1,"minecraft:water_bucket":1,"minecraft:wheat_seeds":2,"minecraft:prismarine_shard":2,"minecraft:cobblestone":1,"minecraft:mushroom_stew":1,"minecraft:stick":18,"minecraft:jungle_slab":22,"minecraft:torch":17,"minecraft:potion":1,"minecraft:bowl":1,"minecraft:stone_shovel":1,"minecraft:cobblestone_slab":157,"minecraft:shield":1,"minecraft:slime_ball":8,"minecraft:stone_pickaxe":2},"minecraft:broken":{"minecraft:golden_helmet":1,"minecraft:stone_pickaxe":1,"minecraft:wooden_axe":1,"minecraft:stone_sword":1,"minecraft:wooden_pickaxe":1,"minecraft:iron_pickaxe":1},"minecraft:killed":{"minecraft:cave_spider":1,"minecraft:spider":8,"minecraft:skeleton":12,"minecraft:silverfish":12,"minecraft:piglin":7,"minecraft:zombie_villager":2,"minecraft:elder_guardian":1,"minecraft:creeper":5,"minecraft:pillager":2,"minecraft:zombie":20,"minecraft:evoker":2,"minecraft:vindicator":2,"minecraft:slime":7,"minecraft:husk":3,"minecraft:wither_skeleton":1,"minecraft:villager":1,"minecraft:enderman":1},"minecraft:killed_by":{"minecraft:zombie_villager":1,"minecraft:piglin_brute":1,"minecraft:pillager":2,"minecraft:piglin":1,"minecraft:elder_guardian":2,"minecraft:vex":2,"minecraft:skeleton":1}},"DataVersion":3953}