{"stats":{"minecraft:custom":{"minecraft:mob_kills":27,"minecraft:inspect_hopper":1,"minecraft:interact_with_crafting_table":39,"minecraft:open_barrel":4,"minecraft:damage_dealt_resisted":635,"minecraft:eat_cake_slice":2,"minecraft:leave_game":2,"minecraft:time_since_death":15666,"minecraft:climb_one_cm":5998,"minecraft:sprint_one_cm":453694,"minecraft:walk_one_cm":195587,"minecraft:drop":20,"minecraft:damage_dealt_absorbed":47,"minecraft:talked_to_villager":9,"minecraft:play_time":159745,"minecraft:deaths":19,"minecraft:sneak_time":33217,"minecraft:walk_under_water_one_cm":9531,"minecraft:interact_with_lectern":2,"minecraft:jump":3302,"minecraft:interact_with_brewingstand":2,"minecraft:interact_with_blast_furnace":4,"minecraft:walk_on_water_one_cm":15456,"minecraft:total_world_time":159745,"minecraft:interact_with_furnace":14,"minecraft:sleep_in_bed":1,"minecraft:time_since_rest":15708,"minecraft:damage_taken":4820,"minecraft:damage_dealt":7105,"minecraft:swim_one_cm":28952,"minecraft:fly_one_cm":861695,"minecraft:open_chest":166,"minecraft:crouch_one_cm":120699,"minecraft:fall_one_cm":42412},"minecraft:broken":{"minecraft:wooden_pickaxe":1,"minecraft:stone_pickaxe":1,"minecraft:iron_pickaxe":1,"minecraft:wooden_axe":1},"minecraft:killed_by":{"minecraft:zombie_villager":1,"minecraft:pillager":2,"minecraft:elder_guardian":2,"minecraft:vex":2},"minecraft:used":{"minecraft:stone_sword":18,"minecraft:ladder":1,"minecraft:poppy":1,"minecraft:chest":4,"minecraft:spruce_planks":3,"minecraft:tinted_glass":5,"minecraft:iron_sword":39,"minecraft:stone_hoe":6,"minecraft:rotten_flesh":8,"minecraft:iron_chestplate":1,"minecraft:torch":29,"minecraft:dirt":21,"minecraft:carrot":10,"minecraft:jungle_slab":48,"minecraft:stone_stairs":1,"minecraft:wooden_axe":36,"minecraft:lava_bucket":2,"minecraft:wet_sponge":1,"minecraft:iron_helmet":1,"minecraft:iron_boots":1,"minecraft:stone_brick_stairs":1,"minecraft:stone_bricks":1,"minecraft:item_frame":2,"minecraft:red_carpet":2,"minecraft:furnace":3,"minecraft:oak_sapling":2,"minecraft:egg":15,"minecraft:stone_pressure_plate":1,"minecraft:cooked_beef":2,"minecraft:water_bucket":6,"minecraft:leather_leggings":1,"minecraft:stone_pickaxe":336,"minecraft:leather_chestplate":1,"minecraft:wooden_pickaxe":21,"minecraft:sandstone":7,"minecraft:end_stone_brick_slab":3,"minecraft:cobblestone_slab":990,"minecraft:leather_boots":1,"minecraft:sand":9,"minecraft:tnt":1,"minecraft:oak_slab":6,"minecraft:crafting_table":1,"minecraft:mushroom_stew":3,"minecraft:chiseled_sandstone":13,"minecraft:wind_charge":4,"minecraft:oak_button":1,"minecraft:iron_pickaxe":314,"minecraft:leather_helmet":3,"minecraft:cat_spawn_egg":1,"minecraft:stone_axe":29,"minecraft:cobblestone":8,"minecraft:bucket":9,"minecraft:ice":2,"minecraft:bone_meal":6,"minecraft:splash_potion":1},"minecraft:killed":{"minecraft:evoker":1,"minecraft:spider":2,"minecraft:skeleton":4,"minecraft:husk":3,"minecraft:elder_guardian":1,"minecraft:creeper":1,"minecraft:pillager":2,"minecraft:zombie":12,"minecraft:wither_skeleton":1},"minecraft:mined":{"minecraft:diamond_ore":6,"minecraft:red_carpet":1,"minecraft:stone_pressure_plate":1,"minecraft:spruce_planks":3,"minecraft:grass_block":17,"minecraft:sandstone":17,"minecraft:spawner":1,"minecraft:furnace":1,"minecraft:carrots":2,"minecraft:iron_ore":37,"minecraft:chiseled_sandstone":13,"minecraft:pumpkin":1,"minecraft:vine":7,"minecraft:cobblestone_slab":8,"minecraft:stripped_oak_log":2,"minecraft:end_stone_bricks":4,"minecraft:stone":426,"minecraft:oak_slab":1,"minecraft:short_grass":4,"minecraft:oak_wood":16,"minecraft:end_stone_brick_slab":3,"minecraft:poppy":1,"minecraft:dead_bush":1,"minecraft:campfire":1,"minecraft:stone_slab":2,"minecraft:tall_grass":3,"minecraft:cobblestone":91,"minecraft:lapis_ore":5,"minecraft:smooth_sandstone_slab":1,"minecraft:stone_stairs":1,"minecraft:tinted_glass":15,"minecraft:ice":2,"minecraft:stone_brick_stairs":1,"minecraft:tnt":10,"minecraft:oak_log":9,"minecraft:coal_ore":36,"minecraft:dirt":5,"minecraft:stone_bricks":1,"minecraft:gold_ore":4,"minecraft:oak_leaves":10},"minecraft:dropped":{"minecraft:water_bucket":1,"minecraft:iron_sword":1,"minecraft:prismarine_shard":2,"minecraft:cobblestone":1,"minecraft:leather_helmet":1,"minecraft:mushroom_stew":1,"minecraft:jungle_slab":22,"minecraft:torch":16,"minecraft:jungle_sapling":2,"minecraft:cobblestone_slab":157,"minecraft:gunpowder":1,"minecraft:stone_pickaxe":2,"minecraft:egg":2},"minecraft:picked_up":{"minecraft:end_stone_bricks":4,"minecraft:charcoal":2,"minecraft:allium":1,"minecraft:ladder":1,"minecraft:prismarine_shard":2,"minecraft:stone_slab":2,"minecraft:stone_brick_stairs":1,"minecraft:string":2,"minecraft:stone_stairs":1,"minecraft:item_frame":2,"minecraft:blue_orchid":1,"minecraft:spruce_planks":3,"minecraft:beef":1,"minecraft:cobblestone_slab":284,"minecraft:jungle_sapling":4,"minecraft:poppy":2,"minecraft:iron_pickaxe":1,"minecraft:tinted_glass":15,"minecraft:chest":1,"minecraft:egg":1,"minecraft:furnace":1,"minecraft:stick":4,"minecraft:raw_iron":37,"minecraft:sandstone":15,"minecraft:torch":17,"minecraft:porkchop":1,"minecraft:carrot":7,"minecraft:stone_pressure_plate":1,"minecraft:smooth_sandstone_slab":1,"minecraft:tnt":10,"minecraft:rotten_flesh":20,"minecraft:arrow":8,"minecraft:totem_of_undying":1,"minecraft:mutton":1,"minecraft:cobblestone":435,"minecraft:wet_sponge":1,"minecraft:stripped_oak_log":2,"minecraft:potato":1,"minecraft:filled_map":1,"minecraft:oak_log":9,"minecraft:gunpowder":1,"minecraft:lapis_lazuli":26,"minecraft:dirt":21,"minecraft:red_carpet":2,"minecraft:bone":9,"minecraft:stone_bricks":1,"minecraft:orange_tulip":1,"minecraft:wheat_seeds":2,"minecraft:raw_gold":4,"minecraft:stone_pickaxe":1,"minecraft:iron_sword":1,"minecraft:oak_slab":1,"minecraft:pumpkin":2,"minecraft:brush":1,"minecraft:leather_helmet":2,"minecraft:jungle_slab":24,"minecraft:chiseled_sandstone":13,"minecraft:spider_eye":1,"minecraft:oak_wood":16,"minecraft:diamond":4,"minecraft:golden_apple":1,"minecraft:oak_button":1,"minecraft:oak_sapling":2,"minecraft:end_stone_brick_slab":3,"minecraft:coal":36,"minecraft:wooden_axe":3},"minecraft:crafted":{"minecraft:oak_planks":84,"minecraft:cobblestone_slab":1260,"minecraft:furnace":2,"minecraft:bone_meal":6,"minecraft:stone_pickaxe":4,"minecraft:chest":3,"minecraft:stone_hoe":1,"minecraft:oak_slab":6,"minecraft:crafting_table":1,"minecraft:wooden_pickaxe":1,"minecraft:bowl":4,"minecraft:bucket":1,"minecraft:jungle_slab":24,"minecraft:stick":16,"minecraft:iron_ingot":13,"minecraft:iron_pickaxe":2,"minecraft:wooden_axe":2,"minecraft:stone_sword":1,"minecraft:torch":32}},"DataVersion":3953}