{"stats":{"minecraft:custom":{"minecraft:mob_kills":54,"minecraft:inspect_hopper":1,"minecraft:interact_with_crafting_table":42,"minecraft:open_barrel":11,"minecraft:damage_dealt_resisted":635,"minecraft:eat_cake_slice":2,"minecraft:leave_game":3,"minecraft:time_since_death":45177,"minecraft:climb_one_cm":8549,"minecraft:sprint_one_cm":656908,"minecraft:walk_one_cm":279854,"minecraft:drop":22,"minecraft:damage_dealt_absorbed":47,"minecraft:talked_to_villager":45,"minecraft:play_time":231632,"minecraft:sneak_time":48284,"minecraft:deaths":20,"minecraft:walk_under_water_one_cm":13332,"minecraft:interact_with_lectern":2,"minecraft:jump":4937,"minecraft:interact_with_brewingstand":2,"minecraft:interact_with_blast_furnace":5,"minecraft:walk_on_water_one_cm":17881,"minecraft:total_world_time":231632,"minecraft:interact_with_furnace":17,"minecraft:traded_with_villager":1,"minecraft:sleep_in_bed":3,"minecraft:time_since_rest":28728,"minecraft:damage_taken":5872,"minecraft:damage_dealt":12467,"minecraft:interact_with_beacon":1,"minecraft:swim_one_cm":36022,"minecraft:fly_one_cm":1380890,"minecraft:open_chest":202,"minecraft:crouch_one_cm":178776,"minecraft:fall_one_cm":61954,"minecraft:horse_one_cm":2616},"minecraft:broken":{"minecraft:stone_sword":1,"minecraft:wooden_pickaxe":1,"minecraft:stone_pickaxe":1,"minecraft:iron_pickaxe":1,"minecraft:wooden_axe":1},"minecraft:killed_by":{"minecraft:zombie_villager":1,"minecraft:pillager":2,"minecraft:skeleton":1,"minecraft:elder_guardian":2,"minecraft:vex":2},"minecraft:used":{"minecraft:stone_sword":131,"minecraft:flint_and_steel":1,"minecraft:ladder":1,"minecraft:poppy":1,"minecraft:chest":4,"minecraft:decorated_pot":1,"minecraft:spruce_planks":3,"minecraft:tinted_glass":5,"minecraft:iron_sword":39,"minecraft:stone_hoe":6,"minecraft:rotten_flesh":32,"minecraft:netherrack":4,"minecraft:iron_chestplate":2,"minecraft:torch":84,"minecraft:dirt":21,"minecraft:carrot":15,"minecraft:jungle_slab":96,"minecraft:stone_stairs":1,"minecraft:obsidian":5,"minecraft:stone_brick_slab":2,"minecraft:wooden_axe":36,"minecraft:lava_bucket":2,"minecraft:wet_sponge":1,"minecraft:iron_helmet":1,"minecraft:iron_boots":2,"minecraft:stone_brick_stairs":3,"minecraft:item_frame":2,"minecraft:stone_bricks":3,"minecraft:red_carpet":2,"minecraft:oak_sapling":2,"minecraft:furnace":3,"minecraft:egg":15,"minecraft:stone_pressure_plate":1,"minecraft:cooked_beef":5,"minecraft:cobbled_deepslate":3,"minecraft:water_bucket":8,"minecraft:leather_leggings":1,"minecraft:stone_pickaxe":403,"minecraft:cactus":2,"minecraft:wooden_pickaxe":21,"minecraft:leather_chestplate":1,"minecraft:sandstone":7,"minecraft:end_stone_brick_slab":3,"minecraft:cobblestone_slab":1510,"minecraft:leather_boots":1,"minecraft:cracked_stone_bricks":1,"minecraft:terracotta":2,"minecraft:sand":9,"minecraft:oak_slab":6,"minecraft:tnt":1,"minecraft:crafting_table":1,"minecraft:mushroom_stew":10,"minecraft:diamond_pickaxe":21,"minecraft:chiseled_sandstone":13,"minecraft:wind_charge":4,"minecraft:string":1,"minecraft:oak_button":1,"minecraft:iron_pickaxe":314,"minecraft:lectern":25,"minecraft:gravel":6,"minecraft:leather_helmet":3,"minecraft:cat_spawn_egg":1,"minecraft:stone_axe":62,"minecraft:wooden_sword":17,"minecraft:cobblestone":14,"minecraft:bucket":12,"minecraft:ice":2,"minecraft:splash_potion":1,"minecraft:bone_meal":6},"minecraft:killed":{"minecraft:evoker":1,"minecraft:cave_spider":1,"minecraft:spider":4,"minecraft:skeleton":7,"minecraft:silverfish":12,"minecraft:husk":3,"minecraft:elder_guardian":1,"minecraft:creeper":1,"minecraft:pillager":2,"minecraft:zombie":17,"minecraft:wither_skeleton":1,"minecraft:enderman":1},"minecraft:mined":{"minecraft:diamond_ore":6,"minecraft:crying_obsidian":2,"minecraft:red_carpet":1,"minecraft:stone_pressure_plate":1,"minecraft:spruce_planks":3,"minecraft:sculk_vein":1,"minecraft:obsidian":6,"minecraft:grass_block":17,"minecraft:decorated_pot":3,"minecraft:spruce_leaves":1,"minecraft:sandstone":17,"minecraft:spawner":1,"minecraft:dead_brain_coral":1,"minecraft:furnace":1,"minecraft:carrots":3,"minecraft:barrel":1,"minecraft:iron_ore":37,"minecraft:chiseled_sandstone":13,"minecraft:pumpkin":1,"minecraft:cobblestone_slab":16,"minecraft:vine":7,"minecraft:stripped_oak_log":2,"minecraft:end_stone_bricks":4,"minecraft:stone":442,"minecraft:oak_slab":1,"minecraft:crimson_nylium":1,"minecraft:stone_brick_slab":2,"minecraft:torch":4,"minecraft:short_grass":4,"minecraft:dead_tube_coral_wall_fan":2,"minecraft:oak_wood":16,"minecraft:end_stone_brick_slab":3,"minecraft:poppy":1,"minecraft:lectern":25,"minecraft:dead_bush":2,"minecraft:campfire":1,"minecraft:stone_slab":2,"minecraft:tall_grass":4,"minecraft:cobblestone":95,"minecraft:lapis_ore":5,"minecraft:sculk":3,"minecraft:smooth_sandstone_slab":1,"minecraft:stone_stairs":1,"minecraft:warped_nylium":1,"minecraft:tinted_glass":15,"minecraft:ice":3,"minecraft:tnt":10,"minecraft:stone_brick_stairs":3,"minecraft:oak_log":9,"minecraft:coal_ore":36,"minecraft:gravel":6,"minecraft:dirt":5,"minecraft:cracked_stone_bricks":1,"minecraft:stone_bricks":3,"minecraft:netherrack":2,"minecraft:gold_ore":4,"minecraft:oak_leaves":10,"minecraft:deepslate":37,"minecraft:infested_stone":12},"minecraft:dropped":{"minecraft:water_bucket":1,"minecraft:iron_sword":1,"minecraft:prismarine_shard":2,"minecraft:cobblestone":1,"minecraft:leather_helmet":1,"minecraft:mushroom_stew":1,"minecraft:jungle_slab":22,"minecraft:torch":16,"minecraft:jungle_sapling":2,"minecraft:cobblestone_slab":157,"minecraft:shield":1,"minecraft:gunpowder":1,"minecraft:stone_pickaxe":2,"minecraft:crying_obsidian":2,"minecraft:egg":2},"minecraft:picked_up":{"minecraft:end_stone_bricks":4,"minecraft:charcoal":2,"minecraft:iron_chestplate":1,"minecraft:allium":1,"minecraft:ladder":1,"minecraft:prismarine_shard":2,"minecraft:stone_slab":2,"minecraft:bee_spawn_egg":1,"minecraft:stone_brick_stairs":3,"minecraft:shield":1,"minecraft:brick":8,"minecraft:cod_bucket":1,"minecraft:string":3,"minecraft:stone_stairs":1,"minecraft:item_frame":2,"minecraft:blue_orchid":1,"minecraft:cracked_stone_bricks":1,"minecraft:cobbled_deepslate":37,"minecraft:spruce_planks":3,"minecraft:beef":1,"minecraft:cobblestone_slab":290,"minecraft:jungle_sapling":4,"minecraft:poppy":2,"minecraft:iron_pickaxe":1,"minecraft:lectern":25,"minecraft:tinted_glass":15,"minecraft:chest":1,"minecraft:furnace":1,"minecraft:egg":2,"minecraft:iron_boots":1,"minecraft:dark_oak_sapling":3,"minecraft:stick":17,"minecraft:raw_iron":37,"minecraft:sandstone":15,"minecraft:torch":21,"minecraft:bowl":1,"minecraft:porkchop":1,"minecraft:carrot":11,"minecraft:stone_pressure_plate":1,"minecraft:tnt":10,"minecraft:smooth_sandstone_slab":1,"minecraft:stone_sword":1,"minecraft:arrow":9,"minecraft:cactus":2,"minecraft:rotten_flesh":30,"minecraft:decorated_pot":1,"minecraft:totem_of_undying":1,"minecraft:gold_ingot":6,"minecraft:obsidian":6,"minecraft:mutton":1,"minecraft:cobblestone":446,"minecraft:wet_sponge":1,"minecraft:stripped_oak_log":2,"minecraft:jungle_log":6,"minecraft:potato":1,"minecraft:filled_map":1,"minecraft:flint":1,"minecraft:oak_log":9,"minecraft:gunpowder":2,"minecraft:lapis_lazuli":26,"minecraft:dirt":21,"minecraft:red_carpet":2,"minecraft:bone":12,"minecraft:stone_bricks":3,"minecraft:wheat_seeds":14,"minecraft:orange_tulip":1,"minecraft:raw_gold":4,"minecraft:stone_pickaxe":2,"minecraft:iron_sword":1,"minecraft:oak_slab":1,"minecraft:pumpkin":2,"minecraft:stone_brick_slab":2,"minecraft:brush":1,"minecraft:gravel":5,"minecraft:barrel":1,"minecraft:dead_bush":2,"minecraft:crying_obsidian":2,"minecraft:chiseled_sandstone":13,"minecraft:jungle_slab":24,"minecraft:red_terracotta":3,"minecraft:spider_eye":1,"minecraft:leather_helmet":2,"minecraft:oak_wood":16,"minecraft:slime_ball":3,"minecraft:diamond":4,"minecraft:stone_axe":1,"minecraft:iron_helmet":1,"minecraft:ender_pearl":1,"minecraft:warped_nylium":1,"minecraft:golden_apple":2,"minecraft:emerald":10,"minecraft:netherrack":4,"minecraft:oak_button":1,"minecraft:terracotta":2,"minecraft:oak_sapling":2,"minecraft:end_stone_brick_slab":3,"minecraft:coal":36,"minecraft:wooden_axe":3},"minecraft:crafted":{"minecraft:oak_planks":84,"minecraft:cobblestone_slab":1302,"minecraft:furnace":2,"minecraft:bone_meal":6,"minecraft:flint_and_steel":1,"minecraft:stone_pickaxe":4,"minecraft:chest":3,"minecraft:bricks":2,"minecraft:stone_hoe":1,"minecraft:oak_slab":6,"minecraft:crafting_table":1,"minecraft:gravel":1,"minecraft:wooden_pickaxe":1,"minecraft:bowl":4,"minecraft:bucket":1,"minecraft:jungle_slab":72,"minecraft:jungle_planks":24,"minecraft:diamond_pickaxe":1,"minecraft:stick":16,"minecraft:iron_ingot":13,"minecraft:iron_pickaxe":2,"minecraft:wooden_axe":2,"minecraft:stone_sword":1,"minecraft:torch":32}},"DataVersion":3953}