{"stats":{"minecraft:dropped":{"minecraft:bread":5,"minecraft:rotten_flesh":9,"minecraft:oak_planks":1,"minecraft:carrot":1,"minecraft:red_carpet":3,"minecraft:cobblestone_slab":36,"minecraft:wooden_axe":1,"minecraft:arrow":3,"minecraft:stone_pickaxe":1},"minecraft:custom":{"minecraft:interact_with_furnace":10,"minecraft:mob_kills":9,"minecraft:interact_with_crafting_table":22,"minecraft:leave_game":1,"minecraft:time_since_death":2372,"minecraft:sleep_in_bed":2,"minecraft:climb_one_cm":6494,"minecraft:time_since_rest":2424,"minecraft:sprint_one_cm":280988,"minecraft:damage_taken":5733,"minecraft:walk_one_cm":84165,"minecraft:trigger_trapped_chest":1,"minecraft:drop":15,"minecraft:damage_dealt":2582,"minecraft:swim_one_cm":1645,"minecraft:talked_to_villager":14,"minecraft:fly_one_cm":424664,"minecraft:player_kills":2,"minecraft:open_chest":61,"minecraft:crouch_one_cm":39859,"minecraft:play_time":111895,"minecraft:deaths":22,"minecraft:sneak_time":13166,"minecraft:walk_under_water_one_cm":3043,"minecraft:interact_with_brewingstand":1,"minecraft:jump":1827,"minecraft:walk_on_water_one_cm":2770,"minecraft:total_world_time":111895,"minecraft:fall_one_cm":21040,"minecraft:inspect_dispenser":1},"minecraft:killed":{"minecraft:evoker":1,"minecraft:vindicator":4,"minecraft:spider":1,"minecraft:skeleton":1},"minecraft:picked_up":{"minecraft:wooden_axe":1,"minecraft:stripped_oak_log":2,"minecraft:elder_guardian_spawn_egg":1,"minecraft:charcoal":2,"minecraft:allium":1,"minecraft:jungle_log":3,"minecraft:stone_slab":1,"minecraft:potato":1,"minecraft:ice":1,"minecraft:oak_log":9,"minecraft:ancient_debris":1,"minecraft:gunpowder":1,"minecraft:string":1,"minecraft:dirt":31,"minecraft:stone_stairs":3,"minecraft:red_carpet":6,"minecraft:bone":8,"minecraft:blue_orchid":1,"minecraft:orange_tulip":1,"minecraft:bucket":2,"minecraft:spruce_planks":4,"minecraft:beef":1,"minecraft:stone_pickaxe":3,"minecraft:cobblestone_slab":42,"minecraft:poppy":1,"minecraft:oak_planks":62,"minecraft:iron_sword":2,"minecraft:oak_slab":11,"minecraft:stick":16,"minecraft:raw_iron":59,"minecraft:torch":8,"minecraft:dandelion":1,"minecraft:lava_bucket":1,"minecraft:porkchop":1,"minecraft:dark_oak_planks":2,"minecraft:oak_wood":5,"minecraft:arrow":15,"minecraft:rotten_flesh":19,"minecraft:stone_axe":3,"minecraft:iron_helmet":7,"minecraft:painting":1,"minecraft:golden_apple":1,"minecraft:totem_of_undying":3,"minecraft:emerald":4,"minecraft:bread":5,"minecraft:oak_sapling":1,"minecraft:mutton":1,"minecraft:coal":8,"minecraft:cobblestone":139},"minecraft:killed_by":{"minecraft:vindicator":1,"minecraft:skeleton":2,"minecraft:zombie":1,"minecraft:vex":10},"minecraft:used":{"minecraft:wheat_seeds":2,"minecraft:water_bucket":1,"minecraft:stone_pickaxe":163,"minecraft:spruce_planks":1,"minecraft:wooden_pickaxe":5,"minecraft:iron_sword":21,"minecraft:cobblestone_slab":150,"minecraft:stone_hoe":4,"minecraft:iron_chestplate":1,"minecraft:torch":5,"minecraft:dirt":30,"minecraft:oak_slab":37,"minecraft:crafting_table":2,"minecraft:stone_stairs":3,"minecraft:painting":1,"minecraft:dark_oak_planks":2,"minecraft:lava_bucket":1,"minecraft:jungle_log":2,"minecraft:bread":2,"minecraft:iron_pickaxe":41,"minecraft:stone_slab":1,"minecraft:iron_helmet":5,"minecraft:iron_boots":1,"minecraft:stone_axe":11,"minecraft:wooden_sword":10,"minecraft:cobblestone":16,"minecraft:oak_sapling":1,"minecraft:furnace":2,"minecraft:bucket":2,"minecraft:ice":1,"minecraft:cooked_beef":1},"minecraft:crafted":{"minecraft:wooden_sword":1,"minecraft:oak_slab":36,"minecraft:oak_planks":56,"minecraft:cobblestone_slab":174,"minecraft:crafting_table":2,"minecraft:wooden_pickaxe":1,"minecraft:furnace":2,"minecraft:stone_axe":1,"minecraft:stick":12,"minecraft:iron_ingot":25,"minecraft:stone_pickaxe":2,"minecraft:stone_hoe":1},"minecraft:mined":{"minecraft:oak_slab":9,"minecraft:red_carpet":3,"minecraft:light_gray_stained_glass_pane":1,"minecraft:spruce_planks":4,"minecraft:oak_sapling":1,"minecraft:glass_pane":8,"minecraft:powder_snow":4,"minecraft:short_grass":3,"minecraft:oak_wood":4,"minecraft:grass_block":23,"minecraft:campfire":1,"minecraft:stone_slab":1,"minecraft:tall_grass":1,"minecraft:cobblestone":100,"minecraft:wall_torch":3,"minecraft:stone_stairs":2,"minecraft:iron_ore":25,"minecraft:fire":26,"minecraft:ice":1,"minecraft:coal_ore":8,"minecraft:oak_log":9,"minecraft:cobblestone_slab":1,"minecraft:dirt":8,"minecraft:stripped_oak_log":1,"minecraft:blue_orchid":1,"minecraft:stone":55,"minecraft:oak_leaves":26,"minecraft:dark_oak_planks":2}},"DataVersion":3953}