{"stats":{"minecraft:killed_by":{"minecraft:player":1},"minecraft:dropped":{"minecraft:gravel":8,"minecraft:wheat_seeds":2,"minecraft:pointed_dripstone":7,"minecraft:stick":1,"minecraft:wooden_pickaxe":2},"minecraft:broken":{"minecraft:stone_pickaxe":2},"minecraft:used":{"minecraft:water_bucket":49,"minecraft:stone_sword":60,"minecraft:flint_and_steel":2,"minecraft:stone_pickaxe":263,"minecraft:wooden_pickaxe":3,"minecraft:shield":10,"minecraft:iron_sword":19,"minecraft:iron_chestplate":1,"minecraft:cooked_chicken":1,"minecraft:rotten_flesh":2,"minecraft:netherrack":13,"minecraft:crafting_table":11,"minecraft:dripstone_block":3,"minecraft:golden_chestplate":2,"minecraft:obsidian":10,"minecraft:lava_bucket":8,"minecraft:iron_axe":1,"minecraft:iron_pickaxe":25,"minecraft:golden_leggings":2,"minecraft:golden_helmet":1,"minecraft:stone_axe":74,"minecraft:cobblestone":42,"minecraft:furnace":7,"minecraft:oak_sapling":2,"minecraft:bucket":58,"minecraft:cooked_beef":14,"minecraft:acacia_planks":2,"minecraft:iron_leggings":1},"minecraft:custom":{"minecraft:interact_with_furnace":30,"minecraft:mob_kills":38,"minecraft:interact_with_crafting_table":23,"minecraft:leave_game":3,"minecraft:time_since_death":19977,"minecraft:sleep_in_bed":1,"minecraft:climb_one_cm":3783,"minecraft:time_since_rest":19835,"minecraft:sprint_one_cm":230159,"minecraft:damage_taken":1585,"minecraft:walk_one_cm":117168,"minecraft:damage_blocked_by_shield":400,"minecraft:drop":7,"minecraft:damage_dealt":5704,"minecraft:swim_one_cm":35644,"minecraft:fly_one_cm":391538,"minecraft:open_chest":1,"minecraft:crouch_one_cm":14036,"minecraft:play_time":72367,"minecraft:deaths":3,"minecraft:sneak_time":5825,"minecraft:walk_under_water_one_cm":4061,"minecraft:jump":1996,"minecraft:walk_on_water_one_cm":15584,"minecraft:total_world_time":72367,"minecraft:fall_one_cm":64124},"minecraft:mined":{"minecraft:nether_gold_ore":51,"minecraft:deepslate_diamond_ore":5,"minecraft:crafting_table":7,"minecraft:short_grass":8,"minecraft:acacia_log":5,"minecraft:melon":3,"minecraft:tall_grass":2,"minecraft:cobblestone":8,"minecraft:deepslate_gold_ore":5,"minecraft:sugar_cane":11,"minecraft:weeping_vines_plant":1,"minecraft:furnace":7,"minecraft:iron_ore":58,"minecraft:fire":9,"minecraft:birch_leaves":2,"minecraft:oak_log":38,"minecraft:coal_ore":65,"minecraft:deepslate_iron_ore":3,"minecraft:gravel":5,"minecraft:deepslate":7,"minecraft:stone":66,"minecraft:netherrack":15,"minecraft:oak_leaves":13},"minecraft:picked_up":{"minecraft:crafting_table":6,"minecraft:feather":4,"minecraft:cooked_beef":55,"minecraft:chicken":1,"minecraft:water_bucket":1,"minecraft:leather":10,"minecraft:golden_leggings":1,"minecraft:wooden_pickaxe":2,"minecraft:flint":1,"minecraft:oak_log":38,"minecraft:shield":1,"minecraft:gunpowder":5,"minecraft:flint_and_steel":1,"minecraft:bone":4,"minecraft:acacia_planks":13,"minecraft:wheat_seeds":2,"minecraft:gold_nugget":203,"minecraft:cobbled_deepslate":7,"minecraft:raw_gold":5,"minecraft:stone_pickaxe":2,"minecraft:iron_ingot":26,"minecraft:beef":28,"minecraft:iron_nugget":8,"minecraft:melon_slice":28,"minecraft:sugar_cane":22,"minecraft:oak_planks":205,"minecraft:furnace":9,"minecraft:golden_helmet":1,"minecraft:stick":2,"minecraft:raw_iron":61,"minecraft:acacia_log":5,"minecraft:dripstone_block":3,"minecraft:gravel":8,"minecraft:porkchop":30,"minecraft:pointed_dripstone":7,"minecraft:golden_chestplate":1,"minecraft:stone_sword":2,"minecraft:arrow":14,"minecraft:rotten_flesh":2,"minecraft:diamond":5,"minecraft:stone_axe":2,"minecraft:gold_ingot":2,"minecraft:oak_sapling":2,"minecraft:obsidian":1,"minecraft:netherrack":15,"minecraft:mutton":16,"minecraft:coal":137,"minecraft:white_wool":12,"minecraft:cobblestone":96},"minecraft:crafted":{"minecraft:oak_planks":152,"minecraft:golden_chestplate":1,"minecraft:crafting_table":6,"minecraft:wooden_pickaxe":1,"minecraft:iron_helmet":1,"minecraft:cooked_chicken":1,"minecraft:iron_sword":1,"minecraft:furnace":2,"minecraft:bucket":1,"minecraft:stone_axe":1,"minecraft:air":0,"minecraft:flint_and_steel":1,"minecraft:iron_boots":1,"minecraft:iron_chestplate":1,"minecraft:golden_leggings":1,"minecraft:shield":1,"minecraft:iron_axe":1,"minecraft:stick":16,"minecraft:iron_ingot":41,"minecraft:iron_pickaxe":1,"minecraft:stone_pickaxe":2,"minecraft:stone_sword":1,"minecraft:iron_leggings":1,"minecraft:gold_ingot":22,"minecraft:acacia_planks":20,"minecraft:golden_helmet":1},"minecraft:killed":{"minecraft:pig":8,"minecraft:spider":1,"minecraft:creeper":3,"minecraft:skeleton":6,"minecraft:sheep":6,"minecraft:zombie":7,"minecraft:chicken":1,"minecraft:cow":5}},"DataVersion":3953}