{"stats":{"minecraft:custom":{"minecraft:interact_with_furnace":11,"minecraft:mob_kills":10,"minecraft:interact_with_crafting_table":24,"minecraft:open_barrel":2,"minecraft:damage_dealt_resisted":635,"minecraft:leave_game":2,"minecraft:time_since_death":3634,"minecraft:climb_one_cm":2531,"minecraft:time_since_rest":3662,"minecraft:sprint_one_cm":231172,"minecraft:damage_taken":2697,"minecraft:walk_one_cm":107128,"minecraft:drop":7,"minecraft:damage_dealt":3005,"minecraft:swim_one_cm":28952,"minecraft:fly_one_cm":408038,"minecraft:talked_to_villager":4,"minecraft:open_chest":77,"minecraft:play_time":93253,"minecraft:crouch_one_cm":87229,"minecraft:deaths":11,"minecraft:sneak_time":24585,"minecraft:walk_under_water_one_cm":9531,"minecraft:jump":1683,"minecraft:interact_with_brewingstand":1,"minecraft:walk_on_water_one_cm":14416,"minecraft:total_world_time":93253,"minecraft:fall_one_cm":21363},"minecraft:killed_by":{"minecraft:elder_guardian":2},"minecraft:broken":{"minecraft:stone_pickaxe":1,"minecraft:iron_pickaxe":1,"minecraft:wooden_axe":1},"minecraft:used":{"minecraft:water_bucket":5,"minecraft:leather_leggings":1,"minecraft:stone_pickaxe":209,"minecraft:poppy":1,"minecraft:chest":4,"minecraft:wooden_pickaxe":5,"minecraft:leather_chestplate":1,"minecraft:tinted_glass":5,"minecraft:sandstone":7,"minecraft:iron_sword":29,"minecraft:end_stone_brick_slab":3,"minecraft:cobblestone_slab":616,"minecraft:leather_boots":1,"minecraft:rotten_flesh":4,"minecraft:torch":22,"minecraft:dirt":21,"minecraft:sand":9,"minecraft:oak_slab":6,"minecraft:tnt":1,"minecraft:crafting_table":1,"minecraft:wooden_axe":27,"minecraft:lava_bucket":2,"minecraft:chiseled_sandstone":13,"minecraft:wind_charge":4,"minecraft:iron_pickaxe":313,"minecraft:oak_button":1,"minecraft:wet_sponge":1,"minecraft:leather_helmet":1,"minecraft:cat_spawn_egg":1,"minecraft:item_frame":1,"minecraft:cobblestone":7,"minecraft:oak_sapling":2,"minecraft:furnace":3,"minecraft:bucket":8,"minecraft:ice":2,"minecraft:stone_pressure_plate":1,"minecraft:cooked_beef":2},"minecraft:killed":{"minecraft:husk":3,"minecraft:elder_guardian":1,"minecraft:spider":2,"minecraft:creeper":1,"minecraft:zombie":3},"minecraft:mined":{"minecraft:diamond_ore":6,"minecraft:oak_slab":1,"minecraft:stone_pressure_plate":1,"minecraft:short_grass":1,"minecraft:oak_wood":16,"minecraft:grass_block":17,"minecraft:end_stone_brick_slab":3,"minecraft:poppy":1,"minecraft:campfire":1,"minecraft:stone_slab":2,"minecraft:tall_grass":1,"minecraft:cobblestone":84,"minecraft:lapis_ore":5,"minecraft:smooth_sandstone_slab":1,"minecraft:sandstone":17,"minecraft:spawner":1,"minecraft:furnace":1,"minecraft:tinted_glass":15,"minecraft:iron_ore":37,"minecraft:chiseled_sandstone":13,"minecraft:ice":2,"minecraft:tnt":10,"minecraft:oak_log":9,"minecraft:coal_ore":36,"minecraft:cobblestone_slab":8,"minecraft:vine":7,"minecraft:dirt":5,"minecraft:stripped_oak_log":2,"minecraft:end_stone_bricks":4,"minecraft:stone":292,"minecraft:gold_ore":4,"minecraft:oak_leaves":10},"minecraft:dropped":{"minecraft:water_bucket":1,"minecraft:prismarine_shard":2,"minecraft:gunpowder":1,"minecraft:torch":16,"minecraft:stone_pickaxe":1},"minecraft:picked_up":{"minecraft:wooden_axe":2,"minecraft:charcoal":2,"minecraft:allium":1,"minecraft:prismarine_shard":2,"minecraft:stone_slab":2,"minecraft:potato":1,"minecraft:filled_map":1,"minecraft:oak_log":9,"minecraft:gunpowder":1,"minecraft:dirt":21,"minecraft:lapis_lazuli":26,"minecraft:string":2,"minecraft:item_frame":1,"minecraft:blue_orchid":1,"minecraft:orange_tulip":1,"minecraft:wheat_seeds":1,"minecraft:raw_gold":4,"minecraft:beef":1,"minecraft:stone_pickaxe":1,"minecraft:cobblestone_slab":73,"minecraft:poppy":2,"minecraft:tinted_glass":15,"minecraft:chest":1,"minecraft:furnace":1,"minecraft:oak_slab":1,"minecraft:stick":1,"minecraft:raw_iron":37,"minecraft:sandstone":15,"minecraft:torch":16,"minecraft:brush":1,"minecraft:porkchop":1,"minecraft:chiseled_sandstone":13,"minecraft:spider_eye":1,"minecraft:stone_pressure_plate":1,"minecraft:smooth_sandstone_slab":1,"minecraft:tnt":10,"minecraft:oak_wood":16,"minecraft:rotten_flesh":6,"minecraft:diamond":4,"minecraft:oak_button":1,"minecraft:oak_sapling":2,"minecraft:end_stone_brick_slab":3,"minecraft:mutton":1,"minecraft:coal":36,"minecraft:end_stone_bricks":4,"minecraft:stripped_oak_log":2,"minecraft:cobblestone":361,"minecraft:wet_sponge":1},"minecraft:crafted":{"minecraft:oak_slab":6,"minecraft:oak_planks":84,"minecraft:cobblestone_slab":624,"minecraft:crafting_table":1,"minecraft:wooden_pickaxe":1,"minecraft:furnace":2,"minecraft:bucket":1,"minecraft:stick":12,"minecraft:iron_ingot":11,"minecraft:iron_pickaxe":2,"minecraft:stone_pickaxe":2,"minecraft:wooden_axe":1,"minecraft:chest":3,"minecraft:torch":24}},"DataVersion":3953}