{"stats":{"minecraft:killed_by":{"minecraft:player":1},"minecraft:dropped":{"minecraft:golden_boots":7,"minecraft:iron_sword":1,"minecraft:wheat_seeds":2,"minecraft:lapis_lazuli":8,"minecraft:crossbow":1,"minecraft:feather":2,"minecraft:iron_helmet":3,"minecraft:leather":5,"minecraft:stick":1,"minecraft:melon_slice":14,"minecraft:iron_leggings":2,"minecraft:gilded_blackstone":2,"minecraft:gold_nugget":15,"minecraft:iron_axe":2,"minecraft:polished_blackstone_bricks":12,"minecraft:iron_pickaxe":1,"minecraft:string":11,"minecraft:white_wool":3,"minecraft:gold_ingot":42,"minecraft:bone":2,"minecraft:gravel":17,"minecraft:stone_axe":1,"minecraft:blackstone":5,"minecraft:iron_nugget":16,"minecraft:golden_chestplate":3,"minecraft:stone_sword":1,"minecraft:cobbled_deepslate":4,"minecraft:nether_brick":32,"minecraft:obsidian":10,"minecraft:pointed_dripstone":8,"minecraft:iron_boots":1,"minecraft:iron_chestplate":3,"minecraft:golden_leggings":2,"minecraft:wooden_pickaxe":2,"minecraft:quartz":31,"minecraft:netherrack":180},"minecraft:broken":{"minecraft:golden_helmet":1,"minecraft:stone_pickaxe":2,"minecraft:diamond_pickaxe":1},"minecraft:used":{"minecraft:stone_sword":60,"minecraft:flint_and_steel":3,"minecraft:shield":14,"minecraft:iron_sword":43,"minecraft:cooked_chicken":1,"minecraft:oak_door":10,"minecraft:rotten_flesh":2,"minecraft:netherrack":108,"minecraft:iron_chestplate":1,"minecraft:hopper":1,"minecraft:golden_chestplate":2,"minecraft:tuff":1,"minecraft:obsidian":10,"minecraft:lava_bucket":29,"minecraft:iron_axe":13,"minecraft:diamond_chestplate":1,"minecraft:bow":12,"minecraft:oak_sapling":2,"minecraft:furnace":10,"minecraft:cooked_beef":56,"minecraft:cobbled_deepslate":67,"minecraft:acacia_planks":2,"minecraft:iron_leggings":1,"minecraft:pointed_dripstone":1,"minecraft:water_bucket":73,"minecraft:diamond_boots":1,"minecraft:stone_pickaxe":263,"minecraft:blackstone":126,"minecraft:wooden_pickaxe":3,"minecraft:diamond_axe":4,"minecraft:polished_blackstone_bricks":2,"minecraft:oak_slab":6,"minecraft:crafting_table":20,"minecraft:crossbow":5,"minecraft:white_bed":3,"minecraft:dripstone_block":3,"minecraft:diamond_pickaxe":2120,"minecraft:iron_pickaxe":93,"minecraft:gravel":9,"minecraft:golden_leggings":2,"minecraft:golden_helmet":1,"minecraft:stone_axe":74,"minecraft:fire_charge":1,"minecraft:diamond_sword":152,"minecraft:cobblestone":53,"minecraft:bucket":104,"minecraft:splash_potion":1},"minecraft:custom":{"minecraft:mob_kills":93,"minecraft:inspect_hopper":1,"minecraft:interact_with_crafting_table":44,"minecraft:leave_game":7,"minecraft:time_since_death":122348,"minecraft:climb_one_cm":4139,"minecraft:sprint_one_cm":513014,"minecraft:walk_one_cm":317400,"minecraft:damage_blocked_by_shield":485,"minecraft:drop":81,"minecraft:play_time":174738,"minecraft:deaths":3,"minecraft:sneak_time":27521,"minecraft:walk_under_water_one_cm":12652,"minecraft:jump":3881,"minecraft:walk_on_water_one_cm":28646,"minecraft:total_world_time":174738,"minecraft:interact_with_furnace":44,"minecraft:sleep_in_bed":1,"minecraft:time_since_rest":122206,"minecraft:damage_taken":4963,"minecraft:damage_dealt":16481,"minecraft:swim_one_cm":104671,"minecraft:fly_one_cm":667303,"minecraft:open_chest":3,"minecraft:crouch_one_cm":72353,"minecraft:fall_one_cm":102014},"minecraft:mined":{"minecraft:nether_gold_ore":53,"minecraft:tuff":1,"minecraft:white_bed":1,"minecraft:deepslate_diamond_ore":46,"minecraft:oak_door":4,"minecraft:nether_bricks":1,"minecraft:acacia_log":5,"minecraft:cracked_polished_blackstone_bricks":1,"minecraft:hopper":1,"minecraft:gilded_blackstone":2,"minecraft:polished_blackstone_bricks":18,"minecraft:weeping_vines_plant":2,"minecraft:magma_block":22,"minecraft:furnace":10,"minecraft:iron_ore":58,"minecraft:cobbled_deepslate":2,"minecraft:fire":29,"minecraft:deepslate_lapis_ore":1,"minecraft:nether_brick_fence":2,"minecraft:pointed_dripstone":1,"minecraft:deepslate_iron_ore":3,"minecraft:stone":66,"minecraft:blackstone":81,"minecraft:crimson_nylium":3,"minecraft:basalt":8,"minecraft:crafting_table":7,"minecraft:short_grass":8,"minecraft:melon":3,"minecraft:nether_quartz_ore":7,"minecraft:tall_grass":2,"minecraft:cobblestone":11,"minecraft:deepslate_gold_ore":26,"minecraft:sugar_cane":11,"minecraft:nether_wart_block":1,"minecraft:birch_leaves":2,"minecraft:oak_log":38,"minecraft:coal_ore":65,"minecraft:gravel":84,"minecraft:dripstone_block":1,"minecraft:netherrack":1898,"minecraft:ancient_debris":5,"minecraft:oak_leaves":13,"minecraft:deepslate":74},"minecraft:picked_up":{"minecraft:crafting_table":6,"minecraft:iron_chestplate":2,"minecraft:splash_potion":1,"minecraft:chicken":1,"minecraft:wooden_pickaxe":2,"minecraft:nether_brick":32,"minecraft:shield":1,"minecraft:string":4,"minecraft:iron_axe":1,"minecraft:flint_and_steel":1,"minecraft:iron_leggings":1,"minecraft:blackstone":131,"minecraft:gold_nugget":213,"minecraft:cobbled_deepslate":71,"minecraft:beef":28,"minecraft:iron_nugget":8,"minecraft:melon_slice":42,"minecraft:sugar_cane":22,"minecraft:iron_boots":1,"minecraft:furnace":12,"minecraft:golden_helmet":1,"minecraft:stick":2,"minecraft:raw_iron":61,"minecraft:oak_door":4,"minecraft:acacia_log":5,"minecraft:porkchop":34,"minecraft:fire_charge":1,"minecraft:polished_blackstone_bricks":14,"minecraft:pointed_dripstone":9,"minecraft:golden_chestplate":3,"minecraft:stone_sword":2,"minecraft:arrow":14,"minecraft:rotten_flesh":2,"minecraft:gold_ingot":16,"minecraft:blaze_rod":15,"minecraft:obsidian":15,"minecraft:mutton":16,"minecraft:white_wool":15,"minecraft:cobblestone":99,"minecraft:feather":4,"minecraft:cooked_beef":55,"minecraft:water_bucket":1,"minecraft:leather":16,"minecraft:golden_leggings":2,"minecraft:flint":1,"minecraft:tuff":1,"minecraft:oak_log":38,"minecraft:ancient_debris":5,"minecraft:golden_boots":4,"minecraft:gunpowder":7,"minecraft:lapis_lazuli":12,"minecraft:bone":5,"minecraft:acacia_planks":13,"minecraft:wheat_seeds":2,"minecraft:raw_gold":26,"minecraft:iron_ingot":26,"minecraft:stone_pickaxe":2,"minecraft:oak_planks":205,"minecraft:quartz":31,"minecraft:dripstone_block":3,"minecraft:gravel":26,"minecraft:white_bed":1,"minecraft:crying_obsidian":6,"minecraft:spectral_arrow":29,"minecraft:diamond":46,"minecraft:stone_axe":2,"minecraft:iron_helmet":2,"minecraft:crossbow":1,"minecraft:oak_sapling":2,"minecraft:netherrack":290,"minecraft:coal":197,"minecraft:hopper":1},"minecraft:crafted":{"minecraft:oak_door":6,"minecraft:oak_planks":152,"minecraft:golden_chestplate":1,"minecraft:cooked_chicken":1,"minecraft:furnace":2,"minecraft:flint_and_steel":1,"minecraft:hopper":1,"minecraft:diamond_helmet":1,"minecraft:bow":1,"minecraft:diamond_leggings":1,"minecraft:iron_boots":1,"minecraft:iron_axe":1,"minecraft:stone_pickaxe":2,"minecraft:chest":1,"minecraft:diamond_boots":1,"minecraft:netherite_scrap":2,"minecraft:golden_helmet":1,"minecraft:oak_slab":6,"minecraft:diamond_sword":1,"minecraft:diamond_axe":1,"minecraft:crafting_table":14,"minecraft:wooden_pickaxe":1,"minecraft:iron_helmet":1,"minecraft:iron_sword":1,"minecraft:bucket":2,"minecraft:stone_axe":1,"minecraft:air":0,"minecraft:iron_chestplate":1,"minecraft:golden_leggings":1,"minecraft:diamond_pickaxe":2,"minecraft:shield":1,"minecraft:stick":28,"minecraft:iron_ingot":41,"minecraft:iron_pickaxe":1,"minecraft:stone_sword":1,"minecraft:iron_leggings":1,"minecraft:gold_ingot":48,"minecraft:white_bed":2,"minecraft:acacia_planks":20,"minecraft:diamond_chestplate":1},"minecraft:killed":{"minecraft:spider":3,"minecraft:skeleton":6,"minecraft:chicken":1,"minecraft:piglin":1,"minecraft:pig":8,"minecraft:zombie_villager":1,"minecraft:hoglin":5,"minecraft:creeper":9,"minecraft:sheep":6,"minecraft:zombie":10,"minecraft:cow":5,"minecraft:blaze":37}},"DataVersion":3953}