{"stats":{"minecraft:custom":{"minecraft:mob_kills":10,"minecraft:inspect_hopper":1,"minecraft:interact_with_crafting_table":31,"minecraft:open_barrel":3,"minecraft:damage_dealt_resisted":635,"minecraft:leave_game":2,"minecraft:time_since_death":6401,"minecraft:climb_one_cm":4805,"minecraft:sprint_one_cm":327838,"minecraft:walk_one_cm":156352,"minecraft:drop":12,"minecraft:talked_to_villager":7,"minecraft:play_time":130093,"minecraft:deaths":14,"minecraft:sneak_time":30853,"minecraft:walk_under_water_one_cm":9531,"minecraft:interact_with_lectern":2,"minecraft:jump":2525,"minecraft:interact_with_brewingstand":2,"minecraft:interact_with_blast_furnace":4,"minecraft:walk_on_water_one_cm":14847,"minecraft:total_world_time":130093,"minecraft:interact_with_furnace":11,"minecraft:sleep_in_bed":1,"minecraft:time_since_rest":3979,"minecraft:damage_taken":3412,"minecraft:damage_dealt":3111,"minecraft:swim_one_cm":28952,"minecraft:fly_one_cm":621061,"minecraft:open_chest":115,"minecraft:crouch_one_cm":110762,"minecraft:fall_one_cm":34047},"minecraft:broken":{"minecraft:stone_pickaxe":1,"minecraft:iron_pickaxe":1,"minecraft:wooden_axe":1},"minecraft:killed_by":{"minecraft:zombie_villager":1,"minecraft:elder_guardian":2},"minecraft:used":{"minecraft:poppy":1,"minecraft:ladder":1,"minecraft:chest":4,"minecraft:spruce_planks":3,"minecraft:tinted_glass":5,"minecraft:iron_sword":29,"minecraft:rotten_flesh":8,"minecraft:torch":22,"minecraft:dirt":21,"minecraft:stone_stairs":1,"minecraft:wooden_axe":27,"minecraft:lava_bucket":2,"minecraft:wet_sponge":1,"minecraft:item_frame":2,"minecraft:red_carpet":2,"minecraft:furnace":3,"minecraft:oak_sapling":2,"minecraft:stone_pressure_plate":1,"minecraft:cooked_beef":2,"minecraft:water_bucket":5,"minecraft:leather_leggings":1,"minecraft:stone_pickaxe":321,"minecraft:leather_chestplate":1,"minecraft:wooden_pickaxe":5,"minecraft:sandstone":7,"minecraft:end_stone_brick_slab":3,"minecraft:cobblestone_slab":910,"minecraft:leather_boots":1,"minecraft:sand":9,"minecraft:tnt":1,"minecraft:oak_slab":6,"minecraft:crafting_table":1,"minecraft:mushroom_stew":2,"minecraft:chiseled_sandstone":13,"minecraft:wind_charge":4,"minecraft:oak_button":1,"minecraft:iron_pickaxe":314,"minecraft:leather_helmet":1,"minecraft:cat_spawn_egg":1,"minecraft:cobblestone":7,"minecraft:bucket":8,"minecraft:ice":2,"minecraft:splash_potion":1},"minecraft:killed":{"minecraft:spider":2,"minecraft:husk":3,"minecraft:elder_guardian":1,"minecraft:creeper":1,"minecraft:zombie":3},"minecraft:mined":{"minecraft:diamond_ore":6,"minecraft:red_carpet":1,"minecraft:stone_pressure_plate":1,"minecraft:spruce_planks":3,"minecraft:grass_block":17,"minecraft:sandstone":17,"minecraft:spawner":1,"minecraft:furnace":1,"minecraft:iron_ore":37,"minecraft:chiseled_sandstone":13,"minecraft:vine":7,"minecraft:cobblestone_slab":8,"minecraft:stripped_oak_log":2,"minecraft:end_stone_bricks":4,"minecraft:stone":402,"minecraft:oak_slab":1,"minecraft:short_grass":1,"minecraft:oak_wood":16,"minecraft:end_stone_brick_slab":3,"minecraft:poppy":1,"minecraft:dead_bush":1,"minecraft:campfire":1,"minecraft:stone_slab":2,"minecraft:cobblestone":86,"minecraft:tall_grass":1,"minecraft:lapis_ore":5,"minecraft:smooth_sandstone_slab":1,"minecraft:stone_stairs":1,"minecraft:tinted_glass":15,"minecraft:ice":2,"minecraft:tnt":10,"minecraft:coal_ore":36,"minecraft:oak_log":9,"minecraft:dirt":5,"minecraft:gold_ore":4,"minecraft:oak_leaves":10},"minecraft:dropped":{"minecraft:water_bucket":1,"minecraft:prismarine_shard":2,"minecraft:cobblestone":1,"minecraft:mushroom_stew":1,"minecraft:torch":16,"minecraft:cobblestone_slab":111,"minecraft:gunpowder":1,"minecraft:stone_pickaxe":2},"minecraft:picked_up":{"minecraft:wooden_axe":2,"minecraft:charcoal":2,"minecraft:allium":1,"minecraft:ladder":1,"minecraft:prismarine_shard":2,"minecraft:stone_slab":2,"minecraft:string":2,"minecraft:stone_stairs":1,"minecraft:item_frame":2,"minecraft:blue_orchid":1,"minecraft:spruce_planks":3,"minecraft:beef":1,"minecraft:cobblestone_slab":112,"minecraft:poppy":2,"minecraft:iron_pickaxe":1,"minecraft:tinted_glass":15,"minecraft:chest":1,"minecraft:furnace":1,"minecraft:stick":3,"minecraft:raw_iron":37,"minecraft:sandstone":15,"minecraft:torch":16,"minecraft:porkchop":1,"minecraft:stone_pressure_plate":1,"minecraft:smooth_sandstone_slab":1,"minecraft:tnt":10,"minecraft:arrow":1,"minecraft:rotten_flesh":10,"minecraft:mutton":1,"minecraft:cobblestone":425,"minecraft:wet_sponge":1,"minecraft:stripped_oak_log":2,"minecraft:potato":1,"minecraft:filled_map":1,"minecraft:oak_log":9,"minecraft:gunpowder":1,"minecraft:lapis_lazuli":26,"minecraft:dirt":21,"minecraft:red_carpet":2,"minecraft:bone":5,"minecraft:wheat_seeds":1,"minecraft:orange_tulip":1,"minecraft:raw_gold":4,"minecraft:stone_pickaxe":1,"minecraft:oak_slab":1,"minecraft:brush":1,"minecraft:chiseled_sandstone":13,"minecraft:spider_eye":1,"minecraft:oak_wood":16,"minecraft:diamond":4,"minecraft:golden_apple":1,"minecraft:oak_button":1,"minecraft:oak_sapling":2,"minecraft:end_stone_brick_slab":3,"minecraft:coal":36,"minecraft:end_stone_bricks":4},"minecraft:crafted":{"minecraft:oak_planks":84,"minecraft:cobblestone_slab":1260,"minecraft:furnace":2,"minecraft:stone_pickaxe":3,"minecraft:chest":3,"minecraft:oak_slab":6,"minecraft:crafting_table":1,"minecraft:wooden_pickaxe":1,"minecraft:bowl":4,"minecraft:bucket":1,"minecraft:stick":12,"minecraft:iron_ingot":13,"minecraft:iron_pickaxe":2,"minecraft:wooden_axe":1,"minecraft:torch":24}},"DataVersion":3953}