{"stats":{"minecraft:killed_by":{"minecraft:player":1},"minecraft:dropped":{"minecraft:gravel":8,"minecraft:wheat_seeds":2,"minecraft:wooden_pickaxe":2},"minecraft:broken":{"minecraft:stone_pickaxe":1},"minecraft:used":{"minecraft:water_bucket":49,"minecraft:stone_sword":60,"minecraft:flint_and_steel":2,"minecraft:stone_pickaxe":256,"minecraft:wooden_pickaxe":3,"minecraft:shield":4,"minecraft:iron_chestplate":1,"minecraft:cooked_chicken":1,"minecraft:rotten_flesh":2,"minecraft:netherrack":13,"minecraft:crafting_table":11,"minecraft:dripstone_block":3,"minecraft:golden_chestplate":2,"minecraft:obsidian":10,"minecraft:lava_bucket":8,"minecraft:golden_leggings":2,"minecraft:golden_helmet":1,"minecraft:stone_axe":74,"minecraft:cobblestone":39,"minecraft:furnace":7,"minecraft:oak_sapling":2,"minecraft:bucket":58,"minecraft:cooked_beef":11,"minecraft:acacia_planks":2,"minecraft:iron_leggings":1},"minecraft:custom":{"minecraft:interact_with_furnace":27,"minecraft:mob_kills":33,"minecraft:interact_with_crafting_table":22,"minecraft:leave_game":3,"minecraft:time_since_death":7977,"minecraft:sleep_in_bed":1,"minecraft:climb_one_cm":3783,"minecraft:time_since_rest":7835,"minecraft:sprint_one_cm":207270,"minecraft:damage_taken":1436,"minecraft:walk_one_cm":110556,"minecraft:damage_blocked_by_shield":94,"minecraft:drop":5,"minecraft:damage_dealt":4614,"minecraft:swim_one_cm":34963,"minecraft:fly_one_cm":361201,"minecraft:open_chest":1,"minecraft:crouch_one_cm":12916,"minecraft:play_time":60367,"minecraft:deaths":3,"minecraft:sneak_time":5283,"minecraft:walk_under_water_one_cm":4025,"minecraft:jump":1826,"minecraft:walk_on_water_one_cm":13856,"minecraft:total_world_time":60367,"minecraft:fall_one_cm":56040},"minecraft:mined":{"minecraft:nether_gold_ore":51,"minecraft:crafting_table":6,"minecraft:short_grass":8,"minecraft:acacia_log":5,"minecraft:melon":3,"minecraft:tall_grass":2,"minecraft:cobblestone":3,"minecraft:sugar_cane":11,"minecraft:weeping_vines_plant":1,"minecraft:furnace":5,"minecraft:iron_ore":53,"minecraft:fire":9,"minecraft:birch_leaves":2,"minecraft:oak_log":38,"minecraft:coal_ore":65,"minecraft:gravel":5,"minecraft:stone":66,"minecraft:netherrack":15,"minecraft:oak_leaves":13},"minecraft:picked_up":{"minecraft:crafting_table":5,"minecraft:feather":4,"minecraft:cooked_beef":55,"minecraft:chicken":1,"minecraft:water_bucket":1,"minecraft:leather":10,"minecraft:golden_leggings":1,"minecraft:wooden_pickaxe":2,"minecraft:flint":1,"minecraft:oak_log":38,"minecraft:shield":1,"minecraft:gunpowder":4,"minecraft:flint_and_steel":1,"minecraft:bone":3,"minecraft:acacia_planks":13,"minecraft:wheat_seeds":2,"minecraft:gold_nugget":203,"minecraft:stone_pickaxe":2,"minecraft:iron_ingot":13,"minecraft:beef":28,"minecraft:iron_nugget":8,"minecraft:melon_slice":28,"minecraft:sugar_cane":22,"minecraft:oak_planks":182,"minecraft:furnace":7,"minecraft:golden_helmet":1,"minecraft:stick":2,"minecraft:raw_iron":53,"minecraft:acacia_log":5,"minecraft:dripstone_block":3,"minecraft:gravel":8,"minecraft:porkchop":30,"minecraft:pointed_dripstone":7,"minecraft:golden_chestplate":1,"minecraft:stone_sword":2,"minecraft:arrow":8,"minecraft:rotten_flesh":2,"minecraft:stone_axe":2,"minecraft:gold_ingot":2,"minecraft:oak_sapling":2,"minecraft:obsidian":1,"minecraft:netherrack":15,"minecraft:mutton":16,"minecraft:coal":137,"minecraft:white_wool":12,"minecraft:cobblestone":89},"minecraft:crafted":{"minecraft:oak_planks":152,"minecraft:golden_chestplate":1,"minecraft:crafting_table":6,"minecraft:wooden_pickaxe":1,"minecraft:iron_helmet":1,"minecraft:cooked_chicken":1,"minecraft:furnace":2,"minecraft:bucket":1,"minecraft:stone_axe":1,"minecraft:air":0,"minecraft:flint_and_steel":1,"minecraft:iron_boots":1,"minecraft:iron_chestplate":1,"minecraft:golden_leggings":1,"minecraft:shield":1,"minecraft:stick":12,"minecraft:iron_ingot":28,"minecraft:stone_pickaxe":2,"minecraft:stone_sword":1,"minecraft:iron_leggings":1,"minecraft:gold_ingot":22,"minecraft:acacia_planks":20,"minecraft:golden_helmet":1},"minecraft:killed":{"minecraft:pig":8,"minecraft:spider":1,"minecraft:creeper":2,"minecraft:skeleton":3,"minecraft:sheep":6,"minecraft:zombie":6,"minecraft:chicken":1,"minecraft:cow":5}},"DataVersion":3953}