{"stats":{"minecraft:killed_by":{"minecraft:player":1},"minecraft:dropped":{"minecraft:iron_sword":1,"minecraft:wheat_seeds":2,"minecraft:iron_helmet":3,"minecraft:feather":2,"minecraft:leather":5,"minecraft:stick":1,"minecraft:iron_leggings":2,"minecraft:iron_axe":2,"minecraft:iron_pickaxe":1,"minecraft:string":1,"minecraft:bone":2,"minecraft:gold_ingot":42,"minecraft:gravel":17,"minecraft:stone_axe":1,"minecraft:iron_nugget":8,"minecraft:stone_sword":1,"minecraft:nether_brick":32,"minecraft:pointed_dripstone":8,"minecraft:iron_boots":1,"minecraft:iron_chestplate":3,"minecraft:wooden_pickaxe":2},"minecraft:broken":{"minecraft:stone_pickaxe":2},"minecraft:used":{"minecraft:stone_sword":60,"minecraft:flint_and_steel":3,"minecraft:shield":11,"minecraft:iron_sword":43,"minecraft:cooked_chicken":1,"minecraft:rotten_flesh":2,"minecraft:netherrack":13,"minecraft:iron_chestplate":1,"minecraft:oak_door":10,"minecraft:tuff":1,"minecraft:golden_chestplate":2,"minecraft:obsidian":10,"minecraft:lava_bucket":17,"minecraft:iron_axe":13,"minecraft:diamond_chestplate":1,"minecraft:furnace":9,"minecraft:oak_sapling":2,"minecraft:cooked_beef":20,"minecraft:cobbled_deepslate":3,"minecraft:acacia_planks":2,"minecraft:iron_leggings":1,"minecraft:pointed_dripstone":1,"minecraft:water_bucket":73,"minecraft:diamond_boots":1,"minecraft:stone_pickaxe":263,"minecraft:blackstone":12,"minecraft:wooden_pickaxe":3,"minecraft:diamond_axe":4,"minecraft:crafting_table":15,"minecraft:dripstone_block":3,"minecraft:diamond_pickaxe":232,"minecraft:iron_pickaxe":93,"minecraft:golden_leggings":2,"minecraft:golden_helmet":1,"minecraft:stone_axe":74,"minecraft:diamond_sword":2,"minecraft:fire_charge":1,"minecraft:cobblestone":53,"minecraft:bucket":91},"minecraft:custom":{"minecraft:mob_kills":51,"minecraft:interact_with_crafting_table":33,"minecraft:leave_game":5,"minecraft:time_since_death":56744,"minecraft:climb_one_cm":3783,"minecraft:sprint_one_cm":337814,"minecraft:walk_one_cm":156294,"minecraft:damage_blocked_by_shield":450,"minecraft:drop":37,"minecraft:play_time":109134,"minecraft:deaths":3,"minecraft:sneak_time":11204,"minecraft:walk_under_water_one_cm":12652,"minecraft:jump":2798,"minecraft:walk_on_water_one_cm":28646,"minecraft:total_world_time":109134,"minecraft:interact_with_furnace":41,"minecraft:sleep_in_bed":1,"minecraft:time_since_rest":56602,"minecraft:damage_taken":1785,"minecraft:damage_dealt":8184,"minecraft:swim_one_cm":104671,"minecraft:fly_one_cm":530972,"minecraft:open_chest":1,"minecraft:crouch_one_cm":28663,"minecraft:fall_one_cm":87136},"minecraft:mined":{"minecraft:nether_gold_ore":51,"minecraft:tuff":1,"minecraft:deepslate_diamond_ore":46,"minecraft:oak_door":4,"minecraft:acacia_log":5,"minecraft:weeping_vines_plant":1,"minecraft:furnace":9,"minecraft:cobbled_deepslate":2,"minecraft:iron_ore":58,"minecraft:fire":9,"minecraft:deepslate_lapis_ore":1,"minecraft:pointed_dripstone":1,"minecraft:deepslate_iron_ore":3,"minecraft:stone":66,"minecraft:blackstone":3,"minecraft:crafting_table":7,"minecraft:short_grass":8,"minecraft:melon":3,"minecraft:tall_grass":2,"minecraft:cobblestone":11,"minecraft:deepslate_gold_ore":26,"minecraft:sugar_cane":11,"minecraft:birch_leaves":2,"minecraft:oak_log":38,"minecraft:coal_ore":65,"minecraft:gravel":5,"minecraft:dripstone_block":1,"minecraft:netherrack":170,"minecraft:oak_leaves":13,"minecraft:deepslate":74},"minecraft:picked_up":{"minecraft:crafting_table":6,"minecraft:iron_chestplate":2,"minecraft:splash_potion":1,"minecraft:chicken":1,"minecraft:wooden_pickaxe":2,"minecraft:nether_brick":32,"minecraft:shield":1,"minecraft:iron_axe":1,"minecraft:string":4,"minecraft:iron_leggings":1,"minecraft:flint_and_steel":1,"minecraft:blackstone":62,"minecraft:gold_nugget":203,"minecraft:cobbled_deepslate":69,"minecraft:beef":28,"minecraft:iron_nugget":8,"minecraft:melon_slice":28,"minecraft:sugar_cane":22,"minecraft:iron_boots":1,"minecraft:furnace":11,"minecraft:golden_helmet":1,"minecraft:stick":2,"minecraft:raw_iron":61,"minecraft:oak_door":4,"minecraft:acacia_log":5,"minecraft:fire_charge":1,"minecraft:porkchop":30,"minecraft:pointed_dripstone":9,"minecraft:golden_chestplate":1,"minecraft:stone_sword":2,"minecraft:arrow":14,"minecraft:rotten_flesh":2,"minecraft:gold_ingot":16,"minecraft:mutton":16,"minecraft:obsidian":5,"minecraft:cobblestone":99,"minecraft:white_wool":12,"minecraft:feather":4,"minecraft:cooked_beef":55,"minecraft:water_bucket":1,"minecraft:leather":15,"minecraft:golden_leggings":1,"minecraft:flint":1,"minecraft:tuff":1,"minecraft:oak_log":38,"minecraft:gunpowder":7,"minecraft:lapis_lazuli":4,"minecraft:bone":5,"minecraft:acacia_planks":13,"minecraft:wheat_seeds":2,"minecraft:raw_gold":26,"minecraft:stone_pickaxe":2,"minecraft:iron_ingot":26,"minecraft:oak_planks":205,"minecraft:quartz":24,"minecraft:gravel":26,"minecraft:dripstone_block":3,"minecraft:crying_obsidian":6,"minecraft:spectral_arrow":29,"minecraft:diamond":46,"minecraft:stone_axe":2,"minecraft:iron_helmet":2,"minecraft:oak_sapling":2,"minecraft:netherrack":15,"minecraft:coal":197},"minecraft:crafted":{"minecraft:oak_door":6,"minecraft:oak_planks":152,"minecraft:golden_chestplate":1,"minecraft:cooked_chicken":1,"minecraft:furnace":2,"minecraft:flint_and_steel":1,"minecraft:bow":1,"minecraft:diamond_helmet":1,"minecraft:diamond_leggings":1,"minecraft:iron_boots":1,"minecraft:iron_axe":1,"minecraft:stone_pickaxe":2,"minecraft:diamond_boots":1,"minecraft:golden_helmet":1,"minecraft:diamond_sword":1,"minecraft:diamond_axe":1,"minecraft:crafting_table":9,"minecraft:wooden_pickaxe":1,"minecraft:iron_helmet":1,"minecraft:iron_sword":1,"minecraft:bucket":1,"minecraft:stone_axe":1,"minecraft:air":0,"minecraft:iron_chestplate":1,"minecraft:diamond_pickaxe":1,"minecraft:golden_leggings":1,"minecraft:shield":1,"minecraft:stick":24,"minecraft:iron_ingot":41,"minecraft:iron_pickaxe":1,"minecraft:stone_sword":1,"minecraft:iron_leggings":1,"minecraft:gold_ingot":48,"minecraft:acacia_planks":20,"minecraft:diamond_chestplate":1},"minecraft:killed":{"minecraft:spider":3,"minecraft:skeleton":6,"minecraft:chicken":1,"minecraft:piglin":1,"minecraft:pig":8,"minecraft:zombie_villager":1,"minecraft:creeper":9,"minecraft:sheep":6,"minecraft:zombie":10,"minecraft:cow":5}},"DataVersion":3953}