{"stats":{"minecraft:broken":{"minecraft:wooden_pickaxe":1,"minecraft:stone_pickaxe":1,"minecraft:wooden_sword":1,"minecraft:iron_pickaxe":1,"minecraft:wooden_axe":1},"minecraft:mined":{"minecraft:tuff":3,"minecraft:white_bed":1,"minecraft:deepslate_diamond_ore":7,"minecraft:jungle_leaves":1,"minecraft:granite":2,"minecraft:acacia_log":7,"minecraft:grass_block":99,"minecraft:jungle_log":1,"minecraft:redstone_ore":5,"minecraft:furnace":1,"minecraft:iron_ore":102,"minecraft:andesite":10,"minecraft:pumpkin":3,"minecraft:vine":1,"minecraft:deepslate_iron_ore":26,"minecraft:bamboo":2,"minecraft:stone":130,"minecraft:deepslate_redstone_ore":7,"minecraft:acacia_leaves":3,"minecraft:crafting_table":4,"minecraft:short_grass":77,"minecraft:melon":4,"minecraft:tall_grass":7,"minecraft:copper_ore":7,"minecraft:cobblestone":3,"minecraft:lapis_ore":21,"minecraft:sugar_cane":1,"minecraft:diorite":5,"minecraft:deepslate_copper_ore":1,"minecraft:wheat":2,"minecraft:coal_ore":92,"minecraft:oak_log":59,"minecraft:cocoa":5,"minecraft:sand":11,"minecraft:dirt":17,"minecraft:gold_ore":8,"minecraft:deepslate":10,"minecraft:fern":2},"minecraft:killed":{"minecraft:spider":4,"minecraft:skeleton":8,"minecraft:pig":7,"minecraft:creeper":1,"minecraft:sheep":7,"minecraft:zombie":10,"minecraft:cow":5,"minecraft:enderman":2},"minecraft:custom":{"minecraft:mob_kills":50,"minecraft:animals_bred":1,"minecraft:interact_with_crafting_table":24,"minecraft:leave_game":1,"minecraft:time_since_death":85848,"minecraft:climb_one_cm":3461,"minecraft:sprint_one_cm":148648,"minecraft:walk_one_cm":299809,"minecraft:play_time":85848,"minecraft:sneak_time":6130,"minecraft:walk_under_water_one_cm":3354,"minecraft:boat_one_cm":4,"minecraft:jump":1988,"minecraft:walk_on_water_one_cm":29390,"minecraft:total_world_time":85848,"minecraft:interact_with_furnace":28,"minecraft:sleep_in_bed":2,"minecraft:time_since_rest":48565,"minecraft:damage_taken":1468,"minecraft:damage_dealt":7088,"minecraft:swim_one_cm":15845,"minecraft:fly_one_cm":272032,"minecraft:open_chest":14,"minecraft:crouch_one_cm":18410,"minecraft:fish_caught":3,"minecraft:fall_one_cm":42001},"minecraft:crafted":{"minecraft:wooden_sword":1,"minecraft:oak_door":3,"minecraft:oak_planks":140,"minecraft:stone_shovel":1,"minecraft:fishing_rod":1,"minecraft:lightning_rod":1,"minecraft:furnace":2,"minecraft:cooked_mutton":11,"minecraft:glass_pane":16,"minecraft:glass":9,"minecraft:iron_boots":1,"minecraft:melon_seeds":9,"minecraft:stone_pickaxe":1,"minecraft:chest":2,"minecraft:stone_hoe":1,"minecraft:cooked_beef":7,"minecraft:cooked_cod":2,"minecraft:cooked_porkchop":6,"minecraft:crafting_table":1,"minecraft:wooden_pickaxe":1,"minecraft:iron_helmet":1,"minecraft:iron_sword":1,"minecraft:copper_ingot":15,"minecraft:pumpkin_seeds":12,"minecraft:stone_axe":1,"minecraft:air":0,"minecraft:oak_boat":1,"minecraft:iron_chestplate":1,"minecraft:shield":1,"minecraft:stick":36,"minecraft:iron_ingot":96,"minecraft:iron_pickaxe":2,"minecraft:wooden_axe":1,"minecraft:stone_sword":1,"minecraft:iron_leggings":1,"minecraft:white_bed":1,"minecraft:acacia_planks":28,"minecraft:torch":44},"minecraft:used":{"minecraft:stone_sword":93,"minecraft:stone_shovel":129,"minecraft:chest":2,"minecraft:iron_sword":26,"minecraft:stone_hoe":29,"minecraft:oak_door":2,"minecraft:torch":44,"minecraft:dirt":117,"minecraft:cocoa_beans":8,"minecraft:tuff":2,"minecraft:granite":2,"minecraft:wooden_axe":63,"minecraft:jungle_log":1,"minecraft:melon_seeds":9,"minecraft:bamboo":3,"minecraft:furnace":3,"minecraft:cooked_cod":2,"minecraft:cooked_beef":5,"minecraft:wheat_seeds":12,"minecraft:cooked_mutton":7,"minecraft:stone_pickaxe":131,"minecraft:oak_planks":68,"minecraft:wooden_pickaxe":59,"minecraft:sugar_cane":2,"minecraft:crafting_table":5,"minecraft:white_bed":2,"minecraft:pumpkin_seeds":10,"minecraft:lightning_rod":1,"minecraft:melon_slice":7,"minecraft:iron_pickaxe":252,"minecraft:stone_axe":21,"minecraft:fishing_rod":6,"minecraft:wooden_sword":60,"minecraft:cobblestone":106,"minecraft:porkchop":2,"minecraft:cooked_porkchop":5,"minecraft:andesite":10,"minecraft:glass_pane":8,"minecraft:oak_boat":3},"minecraft:picked_up":{"minecraft:cocoa_beans":18,"minecraft:crafting_table":4,"minecraft:wheat":2,"minecraft:enchanted_book":1,"minecraft:string":3,"minecraft:raw_copper":20,"minecraft:cobbled_deepslate":10,"minecraft:beef":7,"minecraft:oak_boat":3,"minecraft:melon_slice":16,"minecraft:sugar_cane":2,"minecraft:egg":2,"minecraft:furnace":1,"minecraft:stick":2,"minecraft:raw_iron":128,"minecraft:acacia_log":7,"minecraft:porkchop":16,"minecraft:diorite":5,"minecraft:redstone":54,"minecraft:arrow":9,"minecraft:rotten_flesh":13,"minecraft:mutton":11,"minecraft:cod":2,"minecraft:white_wool":8,"minecraft:cobblestone":133,"minecraft:jungle_log":1,"minecraft:salmon":1,"minecraft:andesite":10,"minecraft:leather":5,"minecraft:tuff":2,"minecraft:oak_log":59,"minecraft:gunpowder":2,"minecraft:dirt":118,"minecraft:lapis_lazuli":137,"minecraft:bone":10,"minecraft:wheat_seeds":18,"minecraft:raw_gold":8,"minecraft:bamboo":11,"minecraft:acacia_sapling":1,"minecraft:pumpkin":3,"minecraft:sand":11,"minecraft:white_bed":1,"minecraft:spider_eye":2,"minecraft:diamond":7,"minecraft:granite":2,"minecraft:oak_sapling":1,"minecraft:coal":91}},"DataVersion":3953}