{"stats":{"minecraft:dropped":{"minecraft:wheat_seeds":2,"minecraft:cooked_porkchop":3,"minecraft:torch":22,"minecraft:iron_pickaxe":1,"minecraft:bucket":1,"minecraft:stone_axe":1,"minecraft:kelp":1,"minecraft:stone_sword":1,"minecraft:wooden_pickaxe":1,"minecraft:magma_block":2},"minecraft:custom":{"minecraft:mob_kills":18,"minecraft:animals_bred":1,"minecraft:interact_with_crafting_table":50,"minecraft:leave_game":3,"minecraft:time_since_death":5277,"minecraft:climb_one_cm":236508,"minecraft:sprint_one_cm":396207,"minecraft:walk_one_cm":416776,"minecraft:drop":13,"minecraft:play_time":217804,"minecraft:deaths":4,"minecraft:sneak_time":2688,"minecraft:walk_under_water_one_cm":91625,"minecraft:boat_one_cm":172631,"minecraft:jump":1281,"minecraft:walk_on_water_one_cm":22561,"minecraft:total_world_time":217804,"minecraft:interact_with_furnace":52,"minecraft:sleep_in_bed":7,"minecraft:time_since_rest":1989,"minecraft:damage_taken":1873,"minecraft:damage_dealt":1250,"minecraft:swim_one_cm":168216,"minecraft:fly_one_cm":140602,"minecraft:open_chest":94,"minecraft:crouch_one_cm":5580,"minecraft:fall_one_cm":26079},"minecraft:crafted":{"minecraft:oak_planks":216,"minecraft:cooked_chicken":5,"minecraft:furnace":1,"minecraft:bone_meal":6,"minecraft:cooked_mutton":15,"minecraft:iron_boots":1,"minecraft:iron_axe":1,"minecraft:ladder":135,"minecraft:stone_pickaxe":12,"minecraft:chest":2,"minecraft:cooked_porkchop":15,"minecraft:crafting_table":3,"minecraft:enchanting_table":1,"minecraft:iron_helmet":1,"minecraft:wooden_pickaxe":1,"minecraft:cooked_salmon":3,"minecraft:bucket":1,"minecraft:stone_axe":1,"minecraft:air":0,"minecraft:iron_chestplate":1,"minecraft:book":1,"minecraft:paper":81,"minecraft:charcoal":18,"minecraft:stick":376,"minecraft:iron_ingot":23,"minecraft:iron_pickaxe":2,"minecraft:stone_sword":1,"minecraft:gold_ingot":9,"minecraft:acacia_planks":12,"minecraft:torch":72},"minecraft:used":{"minecraft:stone_sword":129,"minecraft:ladder":140,"minecraft:chest":3,"minecraft:cooked_salmon":3,"minecraft:cooked_chicken":1,"minecraft:netherrack":9,"minecraft:iron_chestplate":3,"minecraft:torch":112,"minecraft:dirt":59,"minecraft:tuff":13,"minecraft:granite":2,"minecraft:obsidian":1,"minecraft:iron_axe":144,"minecraft:birch_sapling":1,"minecraft:furnace":1,"minecraft:oak_sapling":5,"minecraft:egg":3,"minecraft:acacia_planks":1,"minecraft:cobbled_deepslate":116,"minecraft:cooked_mutton":3,"minecraft:water_bucket":53,"minecraft:diorite":24,"minecraft:stone_pickaxe":967,"minecraft:wooden_pickaxe":3,"minecraft:sugar_cane":70,"minecraft:crafting_table":6,"minecraft:red_bed":4,"minecraft:diamond_pickaxe":32,"minecraft:bread":5,"minecraft:iron_pickaxe":331,"minecraft:gravel":17,"minecraft:stone_axe":121,"minecraft:cobblestone":29,"minecraft:cooked_porkchop":6,"minecraft:andesite":18,"minecraft:bucket":53},"minecraft:broken":{"minecraft:stone_pickaxe":7,"minecraft:stone_axe":1,"minecraft:iron_pickaxe":1},"minecraft:killed":{"minecraft:skeleton":2,"minecraft:chicken":5,"minecraft:pig":5,"minecraft:salmon":4,"minecraft:sheep":2},"minecraft:picked_up":{"minecraft:iron_chestplate":1,"minecraft:crafting_table":3,"minecraft:chicken":5,"minecraft:ladder":204,"minecraft:wooden_pickaxe":1,"minecraft:gold_block":1,"minecraft:red_bed":4,"minecraft:iron_axe":1,"minecraft:cooked_salmon":1,"minecraft:cobbled_deepslate":1105,"minecraft:bucket":2,"minecraft:sugar_cane":95,"minecraft:chest":1,"minecraft:birch_sapling":1,"minecraft:egg":3,"minecraft:raw_iron":20,"minecraft:torch":105,"minecraft:acacia_log":3,"minecraft:porkchop":7,"minecraft:diorite":72,"minecraft:redstone":201,"minecraft:stone_sword":1,"minecraft:arrow":8,"minecraft:mutton":2,"minecraft:obsidian":4,"minecraft:white_wool":2,"minecraft:cobblestone":84,"minecraft:birch_log":23,"minecraft:magma_block":2,"minecraft:feather":3,"minecraft:salmon":3,"minecraft:andesite":22,"minecraft:flint":8,"minecraft:tuff":33,"minecraft:oak_log":68,"minecraft:gunpowder":1,"minecraft:lapis_lazuli":25,"minecraft:dirt":70,"minecraft:bone":5,"minecraft:kelp":1,"minecraft:bow":1,"minecraft:wheat_seeds":14,"minecraft:raw_gold":13,"minecraft:stone_pickaxe":8,"minecraft:cooked_porkchop":1,"minecraft:gravel":62,"minecraft:stone_axe":2,"minecraft:granite":3,"minecraft:bone_meal":12,"minecraft:bread":1,"minecraft:oak_sapling":6,"minecraft:netherrack":9,"minecraft:coal":25,"minecraft:diamond_pickaxe":1},"minecraft:mined":{"minecraft:tuff":29,"minecraft:oak_sapling":1,"minecraft:obsidian":4,"minecraft:granite":3,"minecraft:ladder":140,"minecraft:acacia_log":3,"minecraft:grass_block":30,"minecraft:kelp":1,"minecraft:magma_block":2,"minecraft:cobbled_deepslate":3,"minecraft:iron_ore":18,"minecraft:andesite":22,"minecraft:deepslate_lapis_ore":4,"minecraft:gold_block":1,"minecraft:deepslate_iron_ore":2,"minecraft:stone":81,"minecraft:deepslate_redstone_ore":45,"minecraft:red_bed":3,"minecraft:crafting_table":3,"minecraft:torch":17,"minecraft:short_grass":100,"minecraft:chest":1,"minecraft:cobblestone":2,"minecraft:deepslate_gold_ore":13,"minecraft:sugar_cane":52,"minecraft:diorite":73,"minecraft:wall_torch":30,"minecraft:birch_log":24,"minecraft:birch_leaves":1,"minecraft:coal_ore":25,"minecraft:oak_log":69,"minecraft:gravel":46,"minecraft:dirt":19,"minecraft:netherrack":10,"minecraft:oak_leaves":11,"minecraft:deepslate":955}},"DataVersion":3953}