{"stats":{"minecraft:dropped":{"minecraft:wheat_seeds":3,"minecraft:cooked_porkchop":3,"minecraft:diorite":4,"minecraft:torch":22,"minecraft:gold_nugget":1,"minecraft:iron_pickaxe":1,"minecraft:bucket":1,"minecraft:gold_ingot":3,"minecraft:gravel":16,"minecraft:stone_axe":1,"minecraft:kelp":1,"minecraft:stone_sword":1,"minecraft:wooden_pickaxe":1,"minecraft:magma_block":10},"minecraft:custom":{"minecraft:mob_kills":19,"minecraft:animals_bred":1,"minecraft:interact_with_crafting_table":59,"minecraft:leave_game":3,"minecraft:time_since_death":47277,"minecraft:climb_one_cm":236508,"minecraft:sprint_one_cm":462349,"minecraft:walk_one_cm":562822,"minecraft:drop":36,"minecraft:play_time":259804,"minecraft:deaths":4,"minecraft:sneak_time":4945,"minecraft:walk_under_water_one_cm":100727,"minecraft:boat_one_cm":172631,"minecraft:jump":1795,"minecraft:walk_on_water_one_cm":32644,"minecraft:total_world_time":259804,"minecraft:interact_with_furnace":52,"minecraft:sleep_in_bed":9,"minecraft:time_since_rest":27670,"minecraft:damage_taken":2268,"minecraft:damage_dealt":1291,"minecraft:swim_one_cm":215946,"minecraft:fly_one_cm":202757,"minecraft:open_chest":115,"minecraft:crouch_one_cm":13704,"minecraft:fall_one_cm":35637},"minecraft:crafted":{"minecraft:oak_planks":216,"minecraft:cooked_chicken":5,"minecraft:furnace":1,"minecraft:bone_meal":9,"minecraft:cooked_mutton":15,"minecraft:flint_and_steel":1,"minecraft:iron_boots":1,"minecraft:iron_axe":1,"minecraft:ladder":135,"minecraft:stone_pickaxe":12,"minecraft:chest":3,"minecraft:cooked_porkchop":15,"minecraft:crafting_table":3,"minecraft:enchanting_table":1,"minecraft:iron_helmet":1,"minecraft:wooden_pickaxe":1,"minecraft:cooked_salmon":3,"minecraft:bucket":2,"minecraft:stone_axe":1,"minecraft:air":0,"minecraft:iron_chestplate":1,"minecraft:book":1,"minecraft:paper":117,"minecraft:charcoal":18,"minecraft:stick":376,"minecraft:iron_ingot":23,"minecraft:iron_pickaxe":2,"minecraft:stone_sword":1,"minecraft:gold_ingot":14,"minecraft:acacia_planks":12,"minecraft:torch":72},"minecraft:used":{"minecraft:stone_sword":129,"minecraft:flint_and_steel":41,"minecraft:ladder":140,"minecraft:chest":4,"minecraft:cooked_salmon":3,"minecraft:cooked_chicken":1,"minecraft:netherrack":170,"minecraft:iron_chestplate":3,"minecraft:torch":113,"minecraft:dirt":65,"minecraft:tuff":13,"minecraft:granite":2,"minecraft:obsidian":14,"minecraft:lava_bucket":4,"minecraft:iron_axe":144,"minecraft:birch_sapling":1,"minecraft:furnace":1,"minecraft:oak_sapling":5,"minecraft:egg":3,"minecraft:acacia_planks":1,"minecraft:cobbled_deepslate":190,"minecraft:cooked_mutton":3,"minecraft:water_bucket":65,"minecraft:diorite":24,"minecraft:stone_pickaxe":1174,"minecraft:wooden_pickaxe":3,"minecraft:sugar_cane":90,"minecraft:crafting_table":6,"minecraft:red_bed":13,"minecraft:diamond_pickaxe":145,"minecraft:melon_slice":3,"minecraft:bread":5,"minecraft:iron_pickaxe":331,"minecraft:gravel":17,"minecraft:stone_axe":121,"minecraft:cobblestone":29,"minecraft:cooked_porkchop":10,"minecraft:andesite":18,"minecraft:bucket":70,"minecraft:oak_boat":1},"minecraft:broken":{"minecraft:stone_pickaxe":9,"minecraft:stone_axe":1,"minecraft:iron_pickaxe":1},"minecraft:killed":{"minecraft:skeleton":2,"minecraft:chicken":5,"minecraft:piglin":1,"minecraft:pig":5,"minecraft:salmon":4,"minecraft:sheep":2},"minecraft:picked_up":{"minecraft:iron_chestplate":1,"minecraft:crafting_table":3,"minecraft:chicken":5,"minecraft:ladder":204,"minecraft:wooden_pickaxe":1,"minecraft:gold_block":1,"minecraft:red_bed":13,"minecraft:iron_axe":1,"minecraft:cooked_salmon":1,"minecraft:gold_nugget":51,"minecraft:cobbled_deepslate":1110,"minecraft:bucket":2,"minecraft:oak_boat":2,"minecraft:sugar_cane":149,"minecraft:chest":1,"minecraft:birch_sapling":1,"minecraft:egg":3,"minecraft:raw_iron":20,"minecraft:torch":106,"minecraft:acacia_log":3,"minecraft:porkchop":7,"minecraft:diorite":80,"minecraft:redstone":201,"minecraft:stone_sword":1,"minecraft:arrow":8,"minecraft:mutton":2,"minecraft:obsidian":17,"minecraft:white_wool":2,"minecraft:cobblestone":103,"minecraft:birch_log":23,"minecraft:magma_block":11,"minecraft:feather":3,"minecraft:salmon":3,"minecraft:andesite":25,"minecraft:flint":12,"minecraft:tuff":33,"minecraft:oak_log":68,"minecraft:gunpowder":1,"minecraft:lapis_lazuli":25,"minecraft:dirt":74,"minecraft:bone":5,"minecraft:kelp":1,"minecraft:bow":1,"minecraft:wheat_seeds":15,"minecraft:raw_gold":13,"minecraft:stone_pickaxe":8,"minecraft:cooked_porkchop":1,"minecraft:gravel":78,"minecraft:stone_axe":2,"minecraft:granite":3,"minecraft:bone_meal":12,"minecraft:bread":1,"minecraft:oak_sapling":6,"minecraft:netherrack":244,"minecraft:coal":25,"minecraft:diamond_pickaxe":1},"minecraft:mined":{"minecraft:nether_gold_ore":13,"minecraft:tuff":29,"minecraft:oak_sapling":1,"minecraft:obsidian":17,"minecraft:granite":3,"minecraft:ladder":140,"minecraft:acacia_log":3,"minecraft:grass_block":33,"minecraft:kelp":1,"minecraft:magma_block":13,"minecraft:fire":19,"minecraft:cobbled_deepslate":8,"minecraft:iron_ore":18,"minecraft:andesite":25,"minecraft:deepslate_lapis_ore":4,"minecraft:gold_block":1,"minecraft:deepslate_iron_ore":2,"minecraft:stone":100,"minecraft:deepslate_redstone_ore":45,"minecraft:red_bed":12,"minecraft:crafting_table":3,"minecraft:torch":17,"minecraft:short_grass":100,"minecraft:chest":1,"minecraft:cobblestone":2,"minecraft:deepslate_gold_ore":13,"minecraft:sugar_cane":95,"minecraft:diorite":77,"minecraft:wall_torch":31,"minecraft:birch_log":24,"minecraft:birch_leaves":5,"minecraft:coal_ore":25,"minecraft:oak_log":69,"minecraft:gravel":61,"minecraft:dirt":20,"minecraft:netherrack":248,"minecraft:oak_leaves":11,"minecraft:deepslate":955}},"DataVersion":3953}