{"stats":{"minecraft:dropped":{"minecraft:stone_axe":1,"minecraft:wheat_seeds":1,"minecraft:stone_sword":1,"minecraft:cooked_porkchop":3,"minecraft:torch":22,"minecraft:iron_pickaxe":1,"minecraft:magma_block":2},"minecraft:custom":{"minecraft:interact_with_furnace":43,"minecraft:mob_kills":16,"minecraft:animals_bred":1,"minecraft:interact_with_crafting_table":41,"minecraft:leave_game":3,"minecraft:time_since_death":107492,"minecraft:sleep_in_bed":1,"minecraft:climb_one_cm":167337,"minecraft:time_since_rest":10157,"minecraft:sprint_one_cm":298953,"minecraft:damage_taken":880,"minecraft:walk_one_cm":324780,"minecraft:drop":9,"minecraft:damage_dealt":999,"minecraft:swim_one_cm":46243,"minecraft:fly_one_cm":110483,"minecraft:open_chest":55,"minecraft:crouch_one_cm":4277,"minecraft:play_time":151804,"minecraft:deaths":2,"minecraft:sneak_time":2402,"minecraft:walk_under_water_one_cm":6888,"minecraft:boat_one_cm":3705,"minecraft:jump":958,"minecraft:walk_on_water_one_cm":13568,"minecraft:total_world_time":151804,"minecraft:fall_one_cm":24229},"minecraft:crafted":{"minecraft:oak_planks":216,"minecraft:cooked_porkchop":7,"minecraft:crafting_table":3,"minecraft:enchanting_table":1,"minecraft:cooked_chicken":5,"minecraft:wooden_pickaxe":1,"minecraft:iron_helmet":1,"minecraft:furnace":1,"minecraft:cooked_salmon":3,"minecraft:stone_axe":1,"minecraft:cooked_mutton":2,"minecraft:air":0,"minecraft:paper":3,"minecraft:book":1,"minecraft:iron_boots":1,"minecraft:iron_chestplate":1,"minecraft:charcoal":18,"minecraft:ladder":135,"minecraft:stick":376,"minecraft:iron_ingot":23,"minecraft:iron_pickaxe":2,"minecraft:stone_pickaxe":7,"minecraft:stone_sword":1,"minecraft:chest":2,"minecraft:gold_ingot":1,"minecraft:acacia_planks":12,"minecraft:torch":56},"minecraft:used":{"minecraft:cooked_mutton":2,"minecraft:diorite":24,"minecraft:stone_sword":129,"minecraft:stone_pickaxe":847,"minecraft:ladder":139,"minecraft:chest":2,"minecraft:wooden_pickaxe":3,"minecraft:cooked_salmon":2,"minecraft:cooked_chicken":1,"minecraft:sugar_cane":33,"minecraft:netherrack":9,"minecraft:iron_chestplate":3,"minecraft:torch":84,"minecraft:dirt":44,"minecraft:red_bed":1,"minecraft:crafting_table":6,"minecraft:tuff":13,"minecraft:granite":2,"minecraft:obsidian":1,"minecraft:diamond_pickaxe":17,"minecraft:birch_sapling":1,"minecraft:iron_pickaxe":149,"minecraft:gravel":17,"minecraft:stone_axe":121,"minecraft:cobblestone":29,"minecraft:oak_sapling":5,"minecraft:furnace":1,"minecraft:cooked_porkchop":4,"minecraft:andesite":18,"minecraft:egg":3,"minecraft:cobbled_deepslate":111,"minecraft:acacia_planks":1},"minecraft:killed":{"minecraft:pig":5,"minecraft:salmon":4,"minecraft:sheep":2,"minecraft:chicken":5},"minecraft:picked_up":{"minecraft:birch_log":23,"minecraft:crafting_table":3,"minecraft:iron_chestplate":1,"minecraft:magma_block":2,"minecraft:feather":3,"minecraft:chicken":5,"minecraft:ladder":13,"minecraft:andesite":20,"minecraft:salmon":3,"minecraft:gold_block":1,"minecraft:flint":8,"minecraft:tuff":15,"minecraft:oak_log":68,"minecraft:dirt":46,"minecraft:lapis_lazuli":25,"minecraft:red_bed":1,"minecraft:wheat_seeds":13,"minecraft:cobbled_deepslate":742,"minecraft:raw_gold":13,"minecraft:stone_pickaxe":1,"minecraft:sugar_cane":36,"minecraft:birch_sapling":1,"minecraft:egg":3,"minecraft:raw_iron":20,"minecraft:cooked_porkchop":1,"minecraft:torch":50,"minecraft:acacia_log":3,"minecraft:gravel":51,"minecraft:porkchop":7,"minecraft:diorite":30,"minecraft:redstone":201,"minecraft:stone_sword":1,"minecraft:stone_axe":2,"minecraft:granite":3,"minecraft:oak_sapling":6,"minecraft:netherrack":9,"minecraft:obsidian":4,"minecraft:mutton":2,"minecraft:coal":25,"minecraft:white_wool":2,"minecraft:cobblestone":69},"minecraft:broken":{"minecraft:stone_pickaxe":6,"minecraft:stone_axe":1},"minecraft:mined":{"minecraft:deepslate_redstone_ore":45,"minecraft:tuff":14,"minecraft:oak_sapling":1,"minecraft:obsidian":4,"minecraft:crafting_table":3,"minecraft:torch":13,"minecraft:ladder":13,"minecraft:granite":3,"minecraft:short_grass":96,"minecraft:acacia_log":3,"minecraft:grass_block":15,"minecraft:cobblestone":2,"minecraft:deepslate_gold_ore":13,"minecraft:sugar_cane":21,"minecraft:diorite":31,"minecraft:wall_torch":23,"minecraft:magma_block":2,"minecraft:iron_ore":18,"minecraft:birch_log":24,"minecraft:cobbled_deepslate":2,"minecraft:birch_leaves":1,"minecraft:andesite":20,"minecraft:deepslate_lapis_ore":4,"minecraft:gold_block":1,"minecraft:oak_log":69,"minecraft:coal_ore":25,"minecraft:deepslate_iron_ore":2,"minecraft:gravel":42,"minecraft:dirt":14,"minecraft:stone":68,"minecraft:netherrack":10,"minecraft:oak_leaves":11,"minecraft:deepslate":714}},"DataVersion":3953}