{"stats":{"minecraft:dropped":{"minecraft:wheat_seeds":2,"minecraft:cooked_porkchop":3,"minecraft:torch":22,"minecraft:iron_pickaxe":1,"minecraft:bucket":1,"minecraft:stone_axe":1,"minecraft:kelp":1,"minecraft:stone_sword":1,"minecraft:wooden_pickaxe":1,"minecraft:magma_block":10},"minecraft:custom":{"minecraft:mob_kills":18,"minecraft:animals_bred":1,"minecraft:interact_with_crafting_table":55,"minecraft:leave_game":3,"minecraft:time_since_death":29277,"minecraft:climb_one_cm":236508,"minecraft:sprint_one_cm":436357,"minecraft:walk_one_cm":482572,"minecraft:drop":21,"minecraft:play_time":241804,"minecraft:deaths":4,"minecraft:sneak_time":3044,"minecraft:walk_under_water_one_cm":100543,"minecraft:boat_one_cm":172631,"minecraft:jump":1605,"minecraft:walk_on_water_one_cm":27739,"minecraft:total_world_time":241804,"minecraft:interact_with_furnace":52,"minecraft:sleep_in_bed":9,"minecraft:time_since_rest":9670,"minecraft:damage_taken":2023,"minecraft:damage_dealt":1250,"minecraft:swim_one_cm":210342,"minecraft:fly_one_cm":174688,"minecraft:open_chest":107,"minecraft:crouch_one_cm":5974,"minecraft:fall_one_cm":33454},"minecraft:crafted":{"minecraft:oak_planks":216,"minecraft:cooked_chicken":5,"minecraft:furnace":1,"minecraft:bone_meal":9,"minecraft:cooked_mutton":15,"minecraft:flint_and_steel":1,"minecraft:iron_boots":1,"minecraft:iron_axe":1,"minecraft:ladder":135,"minecraft:stone_pickaxe":12,"minecraft:chest":2,"minecraft:cooked_porkchop":15,"minecraft:crafting_table":3,"minecraft:enchanting_table":1,"minecraft:iron_helmet":1,"minecraft:wooden_pickaxe":1,"minecraft:cooked_salmon":3,"minecraft:bucket":2,"minecraft:stone_axe":1,"minecraft:air":0,"minecraft:iron_chestplate":1,"minecraft:book":1,"minecraft:paper":102,"minecraft:charcoal":18,"minecraft:stick":376,"minecraft:iron_ingot":23,"minecraft:iron_pickaxe":2,"minecraft:stone_sword":1,"minecraft:gold_ingot":9,"minecraft:acacia_planks":12,"minecraft:torch":72},"minecraft:used":{"minecraft:stone_sword":129,"minecraft:flint_and_steel":2,"minecraft:ladder":140,"minecraft:chest":3,"minecraft:cooked_salmon":3,"minecraft:cooked_chicken":1,"minecraft:netherrack":62,"minecraft:iron_chestplate":3,"minecraft:torch":113,"minecraft:dirt":65,"minecraft:tuff":13,"minecraft:granite":2,"minecraft:obsidian":14,"minecraft:lava_bucket":4,"minecraft:iron_axe":144,"minecraft:birch_sapling":1,"minecraft:furnace":1,"minecraft:oak_sapling":5,"minecraft:egg":3,"minecraft:acacia_planks":1,"minecraft:cobbled_deepslate":170,"minecraft:cooked_mutton":3,"minecraft:water_bucket":64,"minecraft:diorite":24,"minecraft:stone_pickaxe":974,"minecraft:wooden_pickaxe":3,"minecraft:sugar_cane":88,"minecraft:crafting_table":6,"minecraft:red_bed":13,"minecraft:diamond_pickaxe":145,"minecraft:melon_slice":3,"minecraft:bread":5,"minecraft:iron_pickaxe":331,"minecraft:gravel":17,"minecraft:stone_axe":121,"minecraft:cobblestone":29,"minecraft:cooked_porkchop":8,"minecraft:andesite":18,"minecraft:bucket":69},"minecraft:broken":{"minecraft:stone_pickaxe":7,"minecraft:stone_axe":1,"minecraft:iron_pickaxe":1},"minecraft:killed":{"minecraft:skeleton":2,"minecraft:chicken":5,"minecraft:pig":5,"minecraft:salmon":4,"minecraft:sheep":2},"minecraft:picked_up":{"minecraft:iron_chestplate":1,"minecraft:crafting_table":3,"minecraft:chicken":5,"minecraft:ladder":204,"minecraft:wooden_pickaxe":1,"minecraft:gold_block":1,"minecraft:red_bed":13,"minecraft:iron_axe":1,"minecraft:cooked_salmon":1,"minecraft:cobbled_deepslate":1110,"minecraft:bucket":2,"minecraft:sugar_cane":132,"minecraft:chest":1,"minecraft:birch_sapling":1,"minecraft:egg":3,"minecraft:raw_iron":20,"minecraft:torch":106,"minecraft:acacia_log":3,"minecraft:porkchop":7,"minecraft:diorite":76,"minecraft:redstone":201,"minecraft:stone_sword":1,"minecraft:arrow":8,"minecraft:mutton":2,"minecraft:obsidian":17,"minecraft:white_wool":2,"minecraft:cobblestone":103,"minecraft:birch_log":23,"minecraft:magma_block":11,"minecraft:feather":3,"minecraft:salmon":3,"minecraft:andesite":25,"minecraft:flint":8,"minecraft:tuff":33,"minecraft:oak_log":68,"minecraft:gunpowder":1,"minecraft:lapis_lazuli":25,"minecraft:dirt":74,"minecraft:bone":5,"minecraft:kelp":1,"minecraft:bow":1,"minecraft:wheat_seeds":14,"minecraft:raw_gold":13,"minecraft:stone_pickaxe":8,"minecraft:cooked_porkchop":1,"minecraft:gravel":62,"minecraft:stone_axe":2,"minecraft:granite":3,"minecraft:bone_meal":12,"minecraft:bread":1,"minecraft:oak_sapling":6,"minecraft:netherrack":62,"minecraft:coal":25,"minecraft:diamond_pickaxe":1},"minecraft:mined":{"minecraft:tuff":29,"minecraft:oak_sapling":1,"minecraft:obsidian":17,"minecraft:granite":3,"minecraft:ladder":140,"minecraft:acacia_log":3,"minecraft:grass_block":33,"minecraft:kelp":1,"minecraft:magma_block":13,"minecraft:fire":1,"minecraft:cobbled_deepslate":8,"minecraft:iron_ore":18,"minecraft:andesite":25,"minecraft:deepslate_lapis_ore":4,"minecraft:gold_block":1,"minecraft:deepslate_iron_ore":2,"minecraft:stone":100,"minecraft:deepslate_redstone_ore":45,"minecraft:red_bed":12,"minecraft:crafting_table":3,"minecraft:torch":17,"minecraft:short_grass":100,"minecraft:chest":1,"minecraft:cobblestone":2,"minecraft:deepslate_gold_ore":13,"minecraft:sugar_cane":78,"minecraft:diorite":77,"minecraft:wall_torch":31,"minecraft:birch_log":24,"minecraft:birch_leaves":5,"minecraft:coal_ore":25,"minecraft:oak_log":69,"minecraft:gravel":46,"minecraft:dirt":20,"minecraft:netherrack":66,"minecraft:oak_leaves":11,"minecraft:deepslate":955}},"DataVersion":3953}