{"stats":{"minecraft:dropped":{"minecraft:stone_axe":1,"minecraft:stone_sword":2,"minecraft:oak_sapling":2,"minecraft:wooden_sword":1,"minecraft:stone_pickaxe":2,"minecraft:wooden_pickaxe":3},"minecraft:custom":{"minecraft:interact_with_furnace":34,"minecraft:mob_kills":29,"minecraft:interact_with_crafting_table":16,"minecraft:leave_game":7,"minecraft:time_since_death":39312,"minecraft:time_since_rest":39312,"minecraft:sprint_one_cm":78199,"minecraft:damage_taken":666,"minecraft:walk_one_cm":84625,"minecraft:drop":10,"minecraft:damage_dealt":3239,"minecraft:swim_one_cm":65539,"minecraft:fly_one_cm":123870,"minecraft:player_kills":1,"minecraft:play_time":39312,"minecraft:crouch_one_cm":9098,"minecraft:sneak_time":5022,"minecraft:walk_under_water_one_cm":30267,"minecraft:jump":818,"minecraft:walk_on_water_one_cm":13699,"minecraft:total_world_time":39312,"minecraft:fall_one_cm":20782},"minecraft:crafted":{"minecraft:wooden_sword":1,"minecraft:cooked_cod":2,"minecraft:oak_planks":8,"minecraft:crafting_table":1,"minecraft:dried_kelp":1,"minecraft:wooden_pickaxe":1,"minecraft:iron_helmet":1,"minecraft:cooked_chicken":3,"minecraft:iron_sword":1,"minecraft:furnace":2,"minecraft:cooked_salmon":4,"minecraft:stone_axe":1,"minecraft:air":0,"minecraft:iron_boots":1,"minecraft:iron_chestplate":1,"minecraft:stick":20,"minecraft:iron_ingot":29,"minecraft:iron_pickaxe":1,"minecraft:stone_pickaxe":1,"minecraft:stone_sword":1,"minecraft:iron_leggings":1,"minecraft:acacia_planks":16,"minecraft:torch":16},"minecraft:used":{"minecraft:stone_sword":78,"minecraft:tropical_fish":3,"minecraft:stone_pickaxe":77,"minecraft:dried_kelp":1,"minecraft:oak_planks":2,"minecraft:wooden_pickaxe":8,"minecraft:iron_sword":6,"minecraft:cooked_salmon":4,"minecraft:cooked_chicken":3,"minecraft:rotten_flesh":3,"minecraft:torch":16,"minecraft:crafting_table":6,"minecraft:cod":4,"minecraft:iron_pickaxe":2,"minecraft:iron_helmet":1,"minecraft:stone_axe":75,"minecraft:wooden_sword":6,"minecraft:cobblestone":7,"minecraft:furnace":5,"minecraft:cooked_cod":2,"minecraft:egg":1,"minecraft:cobbled_deepslate":2,"minecraft:acacia_planks":5},"minecraft:killed":{"minecraft:salmon":4,"minecraft:cod":6,"minecraft:horse":2,"minecraft:sheep":3,"minecraft:skeleton":3,"minecraft:zombie":3,"minecraft:bee":1,"minecraft:chicken":4,"minecraft:tropical_fish":3},"minecraft:picked_up":{"minecraft:birch_log":17,"minecraft:crafting_table":6,"minecraft:feather":5,"minecraft:chicken":3,"minecraft:salmon":4,"minecraft:wooden_pickaxe":3,"minecraft:oak_log":29,"minecraft:dirt":3,"minecraft:bone":2,"minecraft:acacia_planks":5,"minecraft:wheat_seeds":4,"minecraft:cobbled_deepslate":2,"minecraft:stone_pickaxe":1,"minecraft:sugar_cane":6,"minecraft:oak_planks":15,"minecraft:egg":1,"minecraft:furnace":4,"minecraft:stick":1,"minecraft:raw_iron":29,"minecraft:torch":1,"minecraft:acacia_log":13,"minecraft:sand":1,"minecraft:stone_sword":1,"minecraft:arrow":1,"minecraft:rotten_flesh":4,"minecraft:tropical_fish":3,"minecraft:stone_axe":1,"minecraft:bone_meal":1,"minecraft:oak_sapling":2,"minecraft:mutton":4,"minecraft:cod":6,"minecraft:coal":9,"minecraft:white_wool":3,"minecraft:cobblestone":41},"minecraft:mined":{"minecraft:crafting_table":6,"minecraft:torch":1,"minecraft:short_grass":13,"minecraft:acacia_log":13,"minecraft:grass_block":3,"minecraft:tall_grass":3,"minecraft:sugar_cane":3,"minecraft:kelp":1,"minecraft:furnace":4,"minecraft:birch_log":17,"minecraft:iron_ore":26,"minecraft:oak_log":29,"minecraft:coal_ore":9,"minecraft:deepslate_iron_ore":5,"minecraft:sand":1,"minecraft:acacia_planks":5,"minecraft:stone":33,"minecraft:oak_leaves":6,"minecraft:deepslate":2}},"DataVersion":3953}