{"stats":{"minecraft:dropped":{"minecraft:stone_axe":1,"minecraft:stone_sword":2,"minecraft:oak_sapling":2,"minecraft:wooden_sword":1,"minecraft:stone_pickaxe":2,"minecraft:wooden_pickaxe":3},"minecraft:custom":{"minecraft:interact_with_furnace":37,"minecraft:mob_kills":30,"minecraft:interact_with_crafting_table":18,"minecraft:leave_game":8,"minecraft:time_since_death":52527,"minecraft:time_since_rest":52527,"minecraft:sprint_one_cm":94327,"minecraft:damage_taken":816,"minecraft:walk_one_cm":114768,"minecraft:drop":10,"minecraft:damage_dealt":3439,"minecraft:swim_one_cm":65539,"minecraft:fly_one_cm":139804,"minecraft:player_kills":1,"minecraft:play_time":52527,"minecraft:crouch_one_cm":31481,"minecraft:sneak_time":10666,"minecraft:walk_under_water_one_cm":30663,"minecraft:jump":984,"minecraft:walk_on_water_one_cm":18102,"minecraft:total_world_time":52527,"minecraft:fall_one_cm":27812},"minecraft:crafted":{"minecraft:wooden_sword":1,"minecraft:cooked_cod":2,"minecraft:oak_planks":16,"minecraft:crafting_table":1,"minecraft:dried_kelp":1,"minecraft:wooden_pickaxe":1,"minecraft:iron_helmet":1,"minecraft:cooked_chicken":3,"minecraft:iron_sword":1,"minecraft:furnace":2,"minecraft:cooked_salmon":4,"minecraft:stone_axe":1,"minecraft:air":0,"minecraft:iron_boots":1,"minecraft:iron_chestplate":1,"minecraft:stick":36,"minecraft:iron_ingot":32,"minecraft:iron_pickaxe":1,"minecraft:stone_pickaxe":1,"minecraft:stone_sword":1,"minecraft:iron_leggings":1,"minecraft:acacia_planks":16,"minecraft:torch":104},"minecraft:used":{"minecraft:stone_sword":78,"minecraft:tropical_fish":3,"minecraft:stone_pickaxe":77,"minecraft:dried_kelp":1,"minecraft:diamond_hoe":103,"minecraft:oak_planks":6,"minecraft:wooden_pickaxe":8,"minecraft:iron_sword":9,"minecraft:cooked_salmon":4,"minecraft:cooked_chicken":3,"minecraft:rotten_flesh":4,"minecraft:torch":52,"minecraft:glow_berries":5,"minecraft:crafting_table":7,"minecraft:cod":4,"minecraft:iron_pickaxe":33,"minecraft:iron_helmet":1,"minecraft:stone_axe":78,"minecraft:wooden_sword":6,"minecraft:cobblestone":7,"minecraft:furnace":6,"minecraft:cooked_cod":2,"minecraft:egg":1,"minecraft:cobbled_deepslate":5,"minecraft:acacia_planks":5},"minecraft:killed":{"minecraft:salmon":4,"minecraft:cod":6,"minecraft:horse":2,"minecraft:sheep":3,"minecraft:skeleton":3,"minecraft:zombie":4,"minecraft:bee":1,"minecraft:chicken":4,"minecraft:tropical_fish":3},"minecraft:picked_up":{"minecraft:birch_log":17,"minecraft:crafting_table":7,"minecraft:feather":5,"minecraft:chicken":3,"minecraft:salmon":4,"minecraft:wooden_pickaxe":3,"minecraft:potion":1,"minecraft:enchanted_book":4,"minecraft:oak_log":29,"minecraft:dirt":3,"minecraft:bone":2,"minecraft:acacia_planks":5,"minecraft:diamond_leggings":1,"minecraft:wheat_seeds":4,"minecraft:candle":1,"minecraft:cobbled_deepslate":8,"minecraft:stone_pickaxe":1,"minecraft:sugar_cane":6,"minecraft:chest":2,"minecraft:oak_planks":15,"minecraft:diamond_hoe":1,"minecraft:egg":1,"minecraft:furnace":5,"minecraft:sculk_catalyst":1,"minecraft:stick":1,"minecraft:raw_iron":32,"minecraft:torch":1,"minecraft:acacia_log":13,"minecraft:sand":1,"minecraft:soul_torch":8,"minecraft:sculk_sensor":3,"minecraft:stone_sword":1,"minecraft:arrow":1,"minecraft:rotten_flesh":4,"minecraft:diamond":6,"minecraft:tropical_fish":3,"minecraft:stone_axe":1,"minecraft:bone_meal":1,"minecraft:gray_wool":7,"minecraft:oak_sapling":2,"minecraft:glow_berries":5,"minecraft:mutton":4,"minecraft:cod":6,"minecraft:coal":46,"minecraft:white_wool":3,"minecraft:cobblestone":42},"minecraft:mined":{"minecraft:deepslate_diamond_ore":6,"minecraft:sculk_vein":7,"minecraft:soul_fire":1,"minecraft:crafting_table":7,"minecraft:torch":1,"minecraft:short_grass":13,"minecraft:acacia_log":13,"minecraft:grass_block":3,"minecraft:chest":2,"minecraft:tall_grass":3,"minecraft:sugar_cane":3,"minecraft:kelp":1,"minecraft:sculk":93,"minecraft:gray_wool":7,"minecraft:furnace":5,"minecraft:birch_log":17,"minecraft:iron_ore":29,"minecraft:oak_log":29,"minecraft:coal_ore":19,"minecraft:deepslate_iron_ore":5,"minecraft:sand":1,"minecraft:acacia_planks":5,"minecraft:stone":34,"minecraft:oak_leaves":6,"minecraft:deepslate":8}},"DataVersion":3953}