{"stats":{"minecraft:mined":{"minecraft:crafting_table":5,"minecraft:torch":1,"minecraft:short_grass":11,"minecraft:acacia_log":13,"minecraft:grass_block":3,"minecraft:tall_grass":3,"minecraft:kelp":1,"minecraft:furnace":2,"minecraft:birch_log":11,"minecraft:iron_ore":26,"minecraft:oak_log":15,"minecraft:coal_ore":4,"minecraft:deepslate_iron_ore":5,"minecraft:sand":1,"minecraft:acacia_planks":5,"minecraft:stone":18,"minecraft:oak_leaves":3,"minecraft:deepslate":2},"minecraft:dropped":{"minecraft:stone_axe":1,"minecraft:stone_sword":1,"minecraft:stone_pickaxe":1,"minecraft:wooden_pickaxe":1},"minecraft:killed":{"minecraft:salmon":4,"minecraft:cod":6,"minecraft:horse":2,"minecraft:sheep":3,"minecraft:skeleton":2,"minecraft:zombie":3,"minecraft:chicken":1,"minecraft:tropical_fish":3},"minecraft:custom":{"minecraft:interact_with_furnace":20,"minecraft:mob_kills":24,"minecraft:interact_with_crafting_table":9,"minecraft:leave_game":4,"minecraft:time_since_death":27808,"minecraft:time_since_rest":27808,"minecraft:sprint_one_cm":55699,"minecraft:damage_taken":467,"minecraft:walk_one_cm":63815,"minecraft:drop":4,"minecraft:damage_dealt":2773,"minecraft:swim_one_cm":62950,"minecraft:fly_one_cm":93383,"minecraft:player_kills":1,"minecraft:crouch_one_cm":6705,"minecraft:play_time":27808,"minecraft:sneak_time":3782,"minecraft:walk_under_water_one_cm":17526,"minecraft:jump":625,"minecraft:walk_on_water_one_cm":10306,"minecraft:total_world_time":27808,"minecraft:fall_one_cm":15458},"minecraft:crafted":{"minecraft:wooden_sword":1,"minecraft:cooked_cod":2,"minecraft:oak_planks":8,"minecraft:crafting_table":1,"minecraft:dried_kelp":1,"minecraft:wooden_pickaxe":1,"minecraft:iron_helmet":1,"minecraft:cooked_chicken":1,"minecraft:furnace":1,"minecraft:cooked_salmon":4,"minecraft:stone_axe":1,"minecraft:air":0,"minecraft:iron_chestplate":1,"minecraft:stick":20,"minecraft:iron_ingot":14,"minecraft:stone_pickaxe":1,"minecraft:stone_sword":1,"minecraft:acacia_planks":16,"minecraft:torch":16},"minecraft:used":{"minecraft:stone_sword":72,"minecraft:tropical_fish":3,"minecraft:stone_pickaxe":54,"minecraft:dried_kelp":1,"minecraft:wooden_pickaxe":8,"minecraft:cooked_salmon":3,"minecraft:cooked_chicken":1,"minecraft:rotten_flesh":3,"minecraft:torch":16,"minecraft:crafting_table":5,"minecraft:cod":4,"minecraft:iron_helmet":1,"minecraft:stone_axe":51,"minecraft:wooden_sword":6,"minecraft:cobblestone":7,"minecraft:furnace":3,"minecraft:cooked_cod":2,"minecraft:acacia_planks":5,"minecraft:cobbled_deepslate":2},"minecraft:picked_up":{"minecraft:birch_log":11,"minecraft:crafting_table":5,"minecraft:feather":2,"minecraft:chicken":1,"minecraft:salmon":4,"minecraft:wooden_pickaxe":3,"minecraft:oak_log":15,"minecraft:dirt":3,"minecraft:bone":1,"minecraft:acacia_planks":5,"minecraft:wheat_seeds":3,"minecraft:cobbled_deepslate":2,"minecraft:stone_pickaxe":1,"minecraft:oak_planks":15,"minecraft:furnace":2,"minecraft:raw_iron":29,"minecraft:stick":1,"minecraft:torch":1,"minecraft:acacia_log":13,"minecraft:sand":1,"minecraft:stone_sword":1,"minecraft:arrow":1,"minecraft:rotten_flesh":4,"minecraft:tropical_fish":3,"minecraft:stone_axe":1,"minecraft:bone_meal":1,"minecraft:oak_sapling":1,"minecraft:mutton":4,"minecraft:coal":4,"minecraft:cod":6,"minecraft:white_wool":3,"minecraft:cobblestone":26}},"DataVersion":3953}