{"stats":{"minecraft:custom":{"minecraft:animals_bred":1,"minecraft:open_barrel":24,"minecraft:eat_cake_slice":4,"minecraft:leave_game":39,"minecraft:time_since_death":83,"minecraft:sprint_one_cm":274240,"minecraft:drop":417,"minecraft:talked_to_villager":85,"minecraft:deaths":48,"minecraft:jump":1890,"minecraft:interact_with_brewingstand":5,"minecraft:walk_on_water_one_cm":20144,"minecraft:traded_with_villager":15,"minecraft:play_one_minute":1464527,"minecraft:interact_with_loom":2,"minecraft:sleep_in_bed":2,"minecraft:damage_dealt":73511,"minecraft:interact_with_beacon":3,"minecraft:crouch_one_cm":32573,"minecraft:inspect_dispenser":14,"minecraft:inspect_dropper":7,"minecraft:mob_kills":367,"minecraft:interact_with_anvil":15,"minecraft:inspect_hopper":13,"minecraft:fill_cauldron":1,"minecraft:interact_with_campfire":4,"minecraft:climb_one_cm":3335,"minecraft:walk_one_cm":1317381,"minecraft:damage_dealt_absorbed":15521,"minecraft:sneak_time":33215,"minecraft:walk_under_water_one_cm":113031,"minecraft:interact_with_blast_furnace":3,"minecraft:pot_flower":2,"minecraft:time_since_rest":109,"minecraft:damage_taken":10540,"minecraft:damage_absorbed":900,"minecraft:trigger_trapped_chest":2,"minecraft:fly_one_cm":6209424,"minecraft:open_chest":89,"minecraft:fall_one_cm":85809},"minecraft:mined":{"minecraft:grass_block":1,"minecraft:stone":219},"minecraft:crafted":{"minecraft:book":12,"minecraft:leather_chestplate":1,"minecraft:leather_leggings":1,"minecraft:leather_boots":1,"minecraft:villager_spawn_egg":3,"minecraft:leather_helmet":1},"minecraft:killed":{"minecraft:zombified_piglin":35,"minecraft:cod":1,"minecraft:bee":7,"minecraft:fox":8,"minecraft:illusioner":3,"minecraft:cat":36,"minecraft:pig":1,"minecraft:iron_golem":1,"minecraft:strider":6,"minecraft:creeper":2,"minecraft:pillager":8,"minecraft:zombie":14,"minecraft:mooshroom":1,"minecraft:blaze":2,"minecraft:cow":7,"minecraft:evoker":6,"minecraft:vindicator":4,"minecraft:drowned":1,"minecraft:villager":200},"minecraft:dropped":{"minecraft:nether_brick_stairs":2,"minecraft:evoker_spawn_egg":1,"minecraft:gold_ore":2,"minecraft:crimson_nylium":2,"minecraft:repeating_command_block":1,"minecraft:soul_sand":1,"minecraft:brown_mushroom":1,"minecraft:cooked_beef":21,"minecraft:baked_potato":17,"minecraft:glass_bottle":1,"minecraft:cooked_porkchop":11,"minecraft:dark_oak_sapling":1,"minecraft:weeping_vines":1,"minecraft:lantern":2,"minecraft:leather":13,"minecraft:polar_bear_spawn_egg":1,"minecraft:leather_helmet":1,"minecraft:red_mushroom":1,"minecraft:cod":5,"minecraft:item_frame":1,"minecraft:cobblestone_stairs":1,"minecraft:gold_block":1,"minecraft:stripped_warped_hyphae":1,"minecraft:dirt":14,"minecraft:grass":4,"minecraft:wither_skeleton_spawn_egg":1,"minecraft:orange_carpet":1,"minecraft:packed_ice":4,"minecraft:ice":1,"minecraft:cornflower":3,"minecraft:light_gray_banner":1,"minecraft:jungle_sapling":1,"minecraft:gold_nugget":11,"minecraft:bone_meal":7,"minecraft:sand":3,"minecraft:tropical_fish_spawn_egg":1,"minecraft:gold_ingot":1,"minecraft:oak_door":3,"minecraft:blackstone":1,"minecraft:sugar_cane":1,"minecraft:pillager_spawn_egg":1,"minecraft:lever":2,"minecraft:diamond_block":1,"minecraft:stripped_jungle_wood":1,"minecraft:twisting_vines":1,"minecraft:netherite_sword":5,"minecraft:birch_sapling":1,"minecraft:obsidian":2,"minecraft:soul_lantern":2,"minecraft:rotten_flesh":6,"minecraft:grindstone":4,"minecraft:end_stone":1,"minecraft:prismarine":1,"minecraft:cooked_mutton":13,"minecraft:golden_shovel":1,"minecraft:azure_bluet":1,"minecraft:zombified_piglin_spawn_egg":1,"minecraft:mycelium":1,"minecraft:salmon":2,"minecraft:bat_spawn_egg":15,"minecraft:chiseled_stone_bricks":2,"minecraft:poppy":3,"minecraft:soul_campfire":2,"minecraft:turtle_helmet":1,"minecraft:piglin_spawn_egg":1,"minecraft:petrified_oak_slab":1,"minecraft:oak_wood":1,"minecraft:coal_ore":1,"minecraft:dropper":2,"minecraft:hopper":3,"minecraft:quartz_block":2,"minecraft:melon_seeds":1,"minecraft:stone_brick_wall":1,"minecraft:leather_boots":2,"minecraft:acacia_sapling":1,"minecraft:bee_nest":1,"minecraft:chest":2,"minecraft:leather_leggings":1,"minecraft:spruce_slab":1,"minecraft:iron_ore":1,"minecraft:iron_bars":1,"minecraft:end_stone_bricks":1,"minecraft:beef":15,"minecraft:strider_spawn_egg":129,"minecraft:campfire":4,"minecraft:podzol":1,"minecraft:stone_brick_stairs":1,"minecraft:polished_granite":1,"minecraft:netherrack":6,"minecraft:spawner":1,"minecraft:water_bucket":5,"minecraft:iron_ingot":1,"minecraft:oak_slab":1,"minecraft:mooshroom_spawn_egg":1,"minecraft:vine":3,"minecraft:drowned_spawn_egg":1,"minecraft:witch_spawn_egg":1,"minecraft:light_gray_stained_glass_pane":1,"minecraft:book":2,"minecraft:guardian_spawn_egg":1,"minecraft:cobblestone":86,"minecraft:yellow_terracotta":1,"minecraft:oak_fence":1,"minecraft:barrier":2,"minecraft:lead":1,"minecraft:observer":1,"minecraft:apple":1,"minecraft:spruce_button":1,"minecraft:command_block":10,"minecraft:spruce_door":2,"minecraft:grass_block":6,"minecraft:mushroom_stew":1,"minecraft:ghast_spawn_egg":1,"minecraft:warped_trapdoor":1,"minecraft:turtle_egg":1,"minecraft:oxeye_daisy":1,"minecraft:lava_bucket":1,"minecraft:stripped_crimson_stem":1,"minecraft:bee_spawn_egg":1,"minecraft:golden_carrot":1,"minecraft:torch":2,"minecraft:lodestone":1,"minecraft:repeater":8,"minecraft:light_blue_wool":1,"minecraft:iron_door":1,"minecraft:dead_bush":5,"minecraft:crimson_fence":1,"minecraft:white_banner":1,"minecraft:chipped_anvil":1,"minecraft:prismarine_slab":1,"minecraft:cactus":1,"minecraft:string":18,"minecraft:lily_pad":1,"minecraft:spruce_sapling":1,"minecraft:stone_brick_slab":4,"minecraft:infested_cracked_stone_bricks":1,"minecraft:redstone":21,"minecraft:nether_brick_slab":1,"minecraft:kelp":1,"minecraft:redstone_ore":1,"minecraft:sweet_berries":1,"minecraft:warped_nylium":3,"minecraft:soul_soil":1,"minecraft:soul_torch":1,"minecraft:blaze_rod":1,"minecraft:bowl":2,"minecraft:tall_grass":1,"minecraft:smoker":1,"minecraft:villager_spawn_egg":3,"minecraft:comparator":4,"minecraft:damaged_anvil":1,"minecraft:diamond_ore":2,"minecraft:nether_bricks":1,"minecraft:totem_of_undying":2,"minecraft:glass_pane":4,"minecraft:cave_spider_spawn_egg":1,"minecraft:suspicious_stew":6,"minecraft:prismarine_stairs":1,"minecraft:flint_and_steel":4,"minecraft:lily_of_the_valley":2,"minecraft:filled_map":1,"minecraft:diamond_sword":2,"minecraft:cobblestone_slab":2,"minecraft:rabbit_spawn_egg":1,"minecraft:stone":4,"minecraft:dead_horn_coral_fan":1,"minecraft:allium":1,"minecraft:spruce_planks":3,"minecraft:fox_spawn_egg":1,"minecraft:light_blue_carpet":1,"minecraft:blue_ice":3,"minecraft:oak_sapling":3,"minecraft:cat_spawn_egg":1,"minecraft:golden_sword":6,"minecraft:redstone_torch":6,"minecraft:barrel":1,"minecraft:stone_bricks":5,"minecraft:birch_sign":3,"minecraft:cow_spawn_egg":2,"minecraft:bamboo":1,"minecraft:brown_carpet":2,"minecraft:blue_orchid":2,"minecraft:bow":2,"minecraft:red_sand":5,"minecraft:black_wool":2},"minecraft:used":{"minecraft:nether_brick_fence":94,"minecraft:jack_o_lantern":15,"minecraft:red_sand":456,"minecraft:polished_granite_stairs":12,"minecraft:light_gray_stained_glass_pane":4,"minecraft:dispenser":3,"minecraft:ladder":6,"minecraft:spruce_slab":36,"minecraft:bone_block":114,"minecraft:poppy":3,"minecraft:oak_sign":106,"minecraft:polished_basalt":48,"minecraft:chest":16,"minecraft:nether_wart":6,"minecraft:white_terracotta":212,"minecraft:stone":2969,"minecraft:zombie_spawn_egg":1,"minecraft:stripped_jungle_wood":15,"minecraft:warped_sign":2,"minecraft:red_nether_brick_stairs":30,"minecraft:grass":5,"minecraft:stripped_crimson_stem":4,"minecraft:soul_campfire":2,"minecraft:debug_stick":48,"minecraft:mooshroom_spawn_egg":4,"minecraft:soul_sand":199,"minecraft:lily_of_the_valley":1,"minecraft:cocoa_beans":8,"minecraft:skeleton_spawn_egg":3,"minecraft:brick_slab":4,"minecraft:jungle_planks":8,"minecraft:nether_bricks":530,"minecraft:jungle_slab":11,"minecraft:orange_wool":2,"minecraft:acacia_sapling":1,"minecraft:beehive":10,"minecraft:azure_bluet":2,"minecraft:milk_bucket":1,"minecraft:obsidian":213,"minecraft:jungle_sapling":24,"minecraft:packed_ice":192,"minecraft:lava_bucket":211,"minecraft:stripped_dark_oak_wood":9,"minecraft:bricks":125,"minecraft:coal_ore":40,"minecraft:villager_spawn_egg":16,"minecraft:quartz_slab":4,"minecraft:lantern":67,"minecraft:grass_block":1576,"minecraft:blue_orchid":3,"minecraft:birch_sapling":1,"minecraft:quartz_block":461,"minecraft:wet_sponge":17,"minecraft:warped_nylium":149,"minecraft:dark_oak_slab":13,"minecraft:tropical_fish_spawn_egg":9,"minecraft:stone_brick_stairs":83,"minecraft:stone_bricks":743,"minecraft:item_frame":6,"minecraft:repeater":11,"minecraft:bedrock":685,"minecraft:golden_sword":4,"minecraft:snow":274,"minecraft:brown_carpet":10,"minecraft:red_carpet":142,"minecraft:redstone_lamp":5,"minecraft:bow":4,"minecraft:magma_block":39,"minecraft:guardian_spawn_egg":2,"minecraft:sweet_berries":1,"minecraft:infested_cracked_stone_bricks":1,"minecraft:oak_sapling":4,"minecraft:acacia_fence":4,"minecraft:gold_block":65,"minecraft:egg":3,"minecraft:dark_oak_sapling":9,"minecraft:light_blue_carpet":3,"minecraft:emerald_ore":3,"minecraft:dark_oak_stairs":69,"minecraft:damaged_anvil":7,"minecraft:spruce_door":2,"minecraft:diorite":8,"minecraft:end_stone_bricks":165,"minecraft:end_rod":22,"minecraft:cow_spawn_egg":3,"minecraft:dropper":4,"minecraft:brick_wall":7,"minecraft:stripped_birch_log":17,"minecraft:witch_spawn_egg":1,"minecraft:elder_guardian_spawn_egg":3,"minecraft:dark_oak_sign":3,"minecraft:prismarine":969,"minecraft:jungle_fence":7,"minecraft:oak_planks":277,"minecraft:prismarine_stairs":124,"minecraft:blackstone":359,"minecraft:cactus":33,"minecraft:orange_tulip":1,"minecraft:fox_spawn_egg":3,"minecraft:redstone_block":1,"minecraft:black_glazed_terracotta":2,"minecraft:sugar_cane":3,"minecraft:oak_leaves":184,"minecraft:white_wool":923,"minecraft:dark_oak_trapdoor":14,"minecraft:sand":198,"minecraft:yellow_terracotta":335,"minecraft:loom":1,"minecraft:light_blue_wool":41,"minecraft:blast_furnace":1,"minecraft:acacia_leaves":30,"minecraft:crossbow":1,"minecraft:cave_spider_spawn_egg":2,"minecraft:blue_ice":28,"minecraft:stone_brick_wall":13,"minecraft:end_stone":394,"minecraft:creeper_spawn_egg":2,"minecraft:birch_fence":7,"minecraft:redstone_torch":48,"minecraft:enderman_spawn_egg":3,"minecraft:lever":40,"minecraft:hoglin_spawn_egg":2,"minecraft:crying_obsidian":8,"minecraft:barrier":535,"minecraft:stone_button":4,"minecraft:string":214,"minecraft:warped_slab":73,"minecraft:red_terracotta":337,"minecraft:lectern":2,"minecraft:polished_granite":21,"minecraft:diamond_ore":53,"minecraft:iron_door":3,"minecraft:gravel":10,"minecraft:cat_spawn_egg":51,"minecraft:soul_lantern":40,"minecraft:evoker_spawn_egg":3,"minecraft:stripped_warped_hyphae":1,"minecraft:diamond_sword":36,"minecraft:dead_horn_coral_fan":3,"minecraft:andesite":16,"minecraft:grindstone":6,"minecraft:piglin_spawn_egg":2,"minecraft:dark_oak_fence":5,"minecraft:chain":95,"minecraft:white_stained_glass":62,"minecraft:birch_log":349,"minecraft:ice":24,"minecraft:chest_minecart":2,"minecraft:coarse_dirt":261,"minecraft:bone_meal":158,"minecraft:cobweb":51,"minecraft:gray_stained_glass":16,"minecraft:oak_fence":32,"minecraft:oak_trapdoor":21,"minecraft:petrified_oak_slab":1,"minecraft:netherite_sword":251,"minecraft:iron_bars":21,"minecraft:jungle_leaves":6,"minecraft:crimson_fence":1,"minecraft:dead_bush":101,"minecraft:flint_and_steel":35,"minecraft:redstone_ore":6,"minecraft:armor_stand":1,"minecraft:redstone":183,"minecraft:mycelium":125,"minecraft:stripped_warped_stem":40,"minecraft:spruce_planks":787,"minecraft:wither_skeleton_spawn_egg":1,"minecraft:wooden_shovel":1,"minecraft:netherrack":1365,"minecraft:oak_door":4,"minecraft:bee_spawn_egg":6,"minecraft:orange_bed":1,"minecraft:torch":58,"minecraft:anvil":6,"minecraft:brewing_stand":1,"minecraft:dirt":2770,"minecraft:red_nether_brick_slab":40,"minecraft:ancient_debris":29,"minecraft:white_carpet":3,"minecraft:hopper":7,"minecraft:spruce_stairs":64,"minecraft:twisting_vines":44,"minecraft:cobblestone_wall":11,"minecraft:stone_stairs":279,"minecraft:nether_brick_slab":45,"minecraft:warped_door":1,"minecraft:bee_nest":3,"minecraft:oak_wood":69,"minecraft:golden_shovel":76,"minecraft:polished_granite_slab":2,"minecraft:spruce_fence":156,"minecraft:light_blue_stained_glass":9,"minecraft:nether_brick_stairs":165,"minecraft:oak_fence_gate":5,"minecraft:fern":46,"minecraft:stone_brick_slab":66,"minecraft:brown_terracotta":208,"minecraft:dark_oak_planks":250,"minecraft:sea_lantern":43,"minecraft:chipped_anvil":1,"minecraft:iron_block":17,"minecraft:oak_stairs":169,"minecraft:brick_stairs":5,"minecraft:spruce_button":4,"minecraft:warped_fence":5,"minecraft:acacia_slab":1,"minecraft:spawner":50,"minecraft:crimson_slab":9,"minecraft:chicken_spawn_egg":1,"minecraft:smooth_quartz":270,"minecraft:crimson_planks":3,"minecraft:prismarine_slab":70,"minecraft:barrel":6,"minecraft:bamboo":66,"minecraft:blaze_spawn_egg":2,"minecraft:basalt":327,"minecraft:tripwire_hook":2,"minecraft:glowstone":19,"minecraft:warped_stairs":138,"minecraft:tall_grass":1,"minecraft:soul_soil":616,"minecraft:dark_oak_pressure_plate":1,"minecraft:white_stained_glass_pane":2,"minecraft:podzol":189,"minecraft:drowned_spawn_egg":4,"minecraft:acacia_wood":23,"minecraft:trapped_chest":1,"minecraft:stone_pressure_plate":2,"minecraft:orange_terracotta":541,"minecraft:pumpkin":5,"minecraft:mossy_stone_brick_wall":4,"minecraft:zombified_piglin_spawn_egg":2,"minecraft:observer":3,"minecraft:turtle_egg":4,"minecraft:light_gray_bed":4,"minecraft:water_bucket":1356,"minecraft:yellow_banner":9,"minecraft:pink_tulip":1,"minecraft:iron_ore":44,"minecraft:cobblestone_stairs":193,"minecraft:lodestone":4,"minecraft:birch_planks":32,"minecraft:polished_andesite":331,"minecraft:red_nether_bricks":254,"minecraft:cartography_table":2,"minecraft:brown_mushroom":7,"minecraft:cauldron":1,"minecraft:warped_roots":23,"minecraft:spruce_fence_gate":5,"minecraft:red_glazed_terracotta":2,"minecraft:beacon":1,"minecraft:stonecutter":2,"minecraft:cobblestone_slab":250,"minecraft:vindicator_spawn_egg":3,"minecraft:gold_ore":116,"minecraft:cracked_stone_bricks":4,"minecraft:cyan_glazed_terracotta":15,"minecraft:rabbit_spawn_egg":2,"minecraft:vine":70,"minecraft:diamond_block":145,"minecraft:rail":54,"minecraft:orange_carpet":12,"minecraft:mossy_cobblestone":102,"minecraft:polished_blackstone_pressure_plate":5,"minecraft:jungle_wood":12,"minecraft:strider_spawn_egg":35,"minecraft:stripped_dark_oak_log":14,"minecraft:light_gray_banner":10,"minecraft:terracotta":357,"minecraft:comparator":11,"minecraft:tnt":54,"minecraft:oak_slab":49,"minecraft:crafting_table":2,"minecraft:red_bed":3,"minecraft:red_mushroom":8,"minecraft:birch_sign":27,"minecraft:yellow_stained_glass_pane":2,"minecraft:white_bed":2,"minecraft:campfire":36,"minecraft:polar_bear_spawn_egg":3,"minecraft:spruce_log":132,"minecraft:bat_spawn_egg":188,"minecraft:smoker":3,"minecraft:cake":1,"minecraft:warped_planks":193,"minecraft:dark_oak_door":1,"minecraft:nether_gold_ore":95,"minecraft:oak_log":217,"minecraft:oxeye_daisy":1,"minecraft:warped_trapdoor":3,"minecraft:flower_pot":2,"minecraft:black_wool":62,"minecraft:cornflower":4,"minecraft:ender_eye":5,"minecraft:acacia_stairs":1,"minecraft:ghast_spawn_egg":3,"minecraft:apple":2,"minecraft:stripped_jungle_log":15,"minecraft:command_block":126,"minecraft:iron_pickaxe":219,"minecraft:oak_button":1,"minecraft:pig_spawn_egg":2,"minecraft:suspicious_stew":10,"minecraft:map":18,"minecraft:lapis_ore":5,"minecraft:jungle_stairs":12,"minecraft:stone_slab":397,"minecraft:spruce_trapdoor":37,"minecraft:spruce_sapling":6,"minecraft:crimson_nylium":132,"minecraft:crimson_sign":1,"minecraft:chiseled_stone_bricks":2,"minecraft:cod_spawn_egg":1,"minecraft:cobblestone":1204,"minecraft:crimson_fungus":8,"minecraft:potion":1,"minecraft:crimson_stairs":5,"minecraft:white_banner":26,"minecraft:red_banner":4,"minecraft:glass_pane":104,"minecraft:grass_path":2,"minecraft:sea_pickle":25,"minecraft:repeating_command_block":1,"minecraft:polished_blackstone_button":4,"minecraft:end_portal_frame":14,"minecraft:kelp":12,"minecraft:dandelion":1,"minecraft:gray_wool":336,"minecraft:splash_potion":3,"minecraft:pillager_spawn_egg":13,"minecraft:soul_torch":56},"minecraft:picked_up":{"minecraft:iron_chestplate":1,"minecraft:stone_slab":2,"minecraft:bee_spawn_egg":1,"minecraft:potion":2,"minecraft:golden_sword":9,"minecraft:string":63,"minecraft:ghast_spawn_egg":2,"minecraft:oak_sign":1,"minecraft:red_sand":2,"minecraft:gold_nugget":15,"minecraft:redstone_torch":2,"minecraft:iron_pickaxe":3,"minecraft:iron_boots":1,"minecraft:torch":4,"minecraft:porkchop":2,"minecraft:cactus":1,"minecraft:rotten_flesh":28,"minecraft:blaze_rod":2,"minecraft:cod":6,"minecraft:cobblestone":1161,"minecraft:cooked_beef":24,"minecraft:iron_door":1,"minecraft:potato":1,"minecraft:bat_spawn_egg":24,"minecraft:dirt":1,"minecraft:lantern":2,"minecraft:leather_boots":4,"minecraft:bow":1,"minecraft:cooked_porkchop":14,"minecraft:strider_spawn_egg":2,"minecraft:grass_block":1,"minecraft:lever":1,"minecraft:crossbow":1,"minecraft:bone_meal":1,"minecraft:grass":1,"minecraft:emerald":2,"minecraft:crimson_roots":5,"minecraft:ladder":3,"minecraft:leather_leggings":1,"minecraft:cat_spawn_egg":2,"minecraft:flint_and_steel":1,"minecraft:item_frame":1,"minecraft:beef":16,"minecraft:observer":1,"minecraft:poppy":2,"minecraft:redstone":5,"minecraft:totem_of_undying":4,"minecraft:gold_ingot":2,"minecraft:mutton":1,"minecraft:elder_guardian_spawn_egg":1,"minecraft:fox_spawn_egg":2,"minecraft:salmon":3,"minecraft:leather":12,"minecraft:ancient_debris":1,"minecraft:gunpowder":2,"minecraft:white_banner":4,"minecraft:cooked_mutton":16,"minecraft:apple":3,"minecraft:iron_ingot":4,"minecraft:iron_sword":1,"minecraft:soul_torch":3,"minecraft:leather_helmet":3,"minecraft:campfire":1,"minecraft:iron_helmet":1,"minecraft:birch_sign":1,"minecraft:warped_roots":3,"minecraft:baked_potato":19},"minecraft:killed_by":{"minecraft:evoker":1}},"DataVersion":2586}