{
    "pools": [
        {
            "rolls": 1,
            "entries": [
                {
                    "type": "item",
                    "weight": 5,
                    "name": "minecraft:wooden_sword"
                },
                {
                    "type": "item",
                    "weight": 3,
                    "name": "minecraft:stone_sword"
                },
                {
                    "type": "item",
                    "weight": 1,
                    "name": "minecraft:stone_sword",
                    "functions": [
                        {
                            "function": "enchant_with_levels",
                            "levels": {
                                "min": 1,
                                "max": 5
                            }
                        }
                    ]
                }
            ]
        },
        {
            "rolls": {
                "min": 2,
                "max": 3
            },
            "entries": [
                {
                    "type": "item",
                    "weight": 5,
                    "name": "minecraft:leather_helmet"
                },
                {
                    "type": "item",
                    "weight": 7,
                    "name": "minecraft:leather_leggings"
                },
                {
                    "type": "item",
                    "weight": 7,
                    "name": "minecraft:leather_helmet"
                },
                {
                    "type": "item",
                    "weight": 5,
                    "name": "minecraft:leather_chestplate"
                },
                {
                    "type": "item",
                    "weight": 2,
                    "name": "minecraft:chainmail_chestplate"
                },
                {
                    "type": "item",
                    "weight": 2,
                    "name": "minecraft:chainmail_leggings"
                },
                {
                    "type": "item",
                    "weight": 1,
                    "name": "minecraft:iron_boots",
                    "functions": [
                        {
                            "function": "enchant_with_levels",
                            "levels": 1
                        }
                    ]
                }
            ]
        },
        {
            "rolls": {
                "min": 0,
                "max": 1
            },
            "entries": [
                {
                    "type": "item",
                    "weight": 2,
                    "name": "minecraft:stone_axe"
                }
            ]
        },
        {
            "rolls": {
                "min": 1,
                "max": 3
            },
            "entries": [
                {
                    "type": "item",
                    "weight": 8,
                    "name": "minecraft:stone",
                    "functions": [
                        {
                            "function": "set_count",
                            "count": {
                                "min": 8,
                                "max": 32
                            }
                        }
                    ]
                },
                {
                    "type": "item",
                    "weight": 8,
                    "name": "minecraft:planks",
                    "functions": [
                        {
                            "function": "set_count",
                            "count": {
                                "min": 4,
                                "max": 16
                            }
                        }
                    ]
                }
            ]
        },
        {
            "rolls": {
                "min": 1,
                "max": 2
            },
            "entries": [
                {
                    "type": "item",
                    "weight": 5,
                    "name": "minecraft:experience_bottle"
                },
                {
                    "type": "item",
                    "weight": 1,
                    "name": "minecraft:arrow",
                    "functions": [
                        {
                            "function": "set_count",
                            "count": {
                                "min": 0,
                                "max": 1
                            }
                        }
                    ]
                },
                {
                    "type": "item",
                    "weight": 3,
                    "name": "minecraft:iron_ingot",
                    "functions": [
                        {
                            "function": "set_count",
                            "count": {
                                "min": 1,
                                "max": 3
                            }
                        }
                    ]
                },
                {
                    "type": "item",
                    "weight": 1,
                    "name": "minecraft:ender_pearl"
                }
            ]
        }
    ]
}