{
    "pools": [
        {
            "rolls": 1,
            "entries": [
                {
                    "type": "item",
                    "weight": 8,
                    "name": "minecraft:stone_sword",
                    "functions": [
                        {
                            "function": "enchant_with_levels",
                            "levels": {
                                "min": 5,
                                "max": 7
                            }
                        }
                    ]
                },
                {
                    "type": "item",
                    "weight": 2,
                    "name": "minecraft:iron_sword"
                },
                {
                    "type": "item",
                    "weight": 3,
                    "name": "minecraft:iron_axe"
                }
            ]
        },
        {
            "rolls": {
                "min": 2,
                "max": 3
            },
            "entries": [
                {
                    "type": "item",
                    "weight": 7,
                    "name": "minecraft:chainmail_chestplate"
                },
                {
                    "type": "item",
                    "weight": 7,
                    "name": "minecraft:chainmail_leggings"
                },
                {
                    "type": "item",
                    "weight": 5,
                    "name": "minecraft:iron_chestplate"
                },
                {
                    "type": "item",
                    "weight": 2,
                    "name": "minecraft:iron_leggings"
                },
                {
                    "type": "item",
                    "weight": 2,
                    "name": "minecraft:iron_boots"
                },
                {
                    "type": "item",
                    "weight": 2,
                    "name": "minecraft:iron_helmet"
                },
                {
                    "type": "item",
                    "weight": 1,
                    "name": "minecraft:chainmail_chestplate",
                    "functions": [
                        {
                            "function": "enchant_with_levels",
                            "levels": {
                                "min": 2,
                                "max": 10
                            }
                        }
                    ]
                },
                {
                    "type": "item",
                    "weight": 1,
                    "name": "minecraft:chainmail_leggings",
                    "functions": [
                        {
                            "function": "enchant_with_levels",
                            "levels": {
                                "min": 5,
                                "max": 15
                            }
                        }
                    ]
                }
            ]
        },
        {
            "rolls": {
                "min": 0,
                "max": 1
            },
            "entries": [
                {
                    "type": "item",
                    "weight": 1,
                    "name": "minecraft:bow",
                    "functions": [
                        {
                            "function": "enchant_with_levels",
                            "levels": {
                                "min": 0,
                                "max": 1
                            }
                        }
                    ]
                }
            ]
        },
        {
            "rolls": {
                "min": 1,
                "max": 3
            },
            "entries": [
                {
                    "type": "item",
                    "weight": 5,
                    "name": "minecraft:experience_bottle"
                },
                {
                    "type": "item",
                    "weight": 3,
                    "name": "minecraft:arrow",
                    "functions": [
                        {
                            "function": "set_count",
                            "count": {
                                "min": 1,
                                "max": 1
                            }
                        }
                    ]
                },
                {
                    "type": "item",
                    "weight": 3,
                    "name": "minecraft:diamond",
                    "functions": [
                        {
                            "function": "set_count",
                            "count": {
                                "min": 1,
                                "max": 3
                            }
                        }
                    ]
                },
                {
                    "type": "item",
                    "weight": 1,
                    "name": "minecraft:ender_pearl"
                },
                {
                    "type": "item",
                    "weight": 5,
                    "name": "minecraft:dye",
                    "functions": [
                        {
                            "function": "set_data",
                            "data": 4
                        }
                    ]
                },
                {
                    "type": "item",
                    "weight": 2,
                    "name": "minecraft:golden_apple"
                }
            ]
        }
    ]
}